seed,scenario,layout_id,split,method,fixture_type,visible_hint,estimated_fixture,action,confidence,fixture_correct,parameter_error,success,first_attempt_success,repeated_failure,force_violation,damage,path_efficiency,energy,predicted_success,calibration_brier,stress_level,prob_free,prob_clamp,prob_hinge,prob_slot,prob_suction,prob_tether
0,7000,combined_fixture_stress_0_7000_suction,combined_fixture_stress,latent_fixture_full,suction,unknown,suction,peel_then_translate,0.77117,1,0.11000,0,0,1,0,1,0.06900,2.15055,0.76643,0.58742,0.00,0.00468,0.11868,0.03096,0.02655,0.77117,0.04796
0,7000,combined_fixture_stress_0_7000_suction,combined_fixture_stress,latent_fixture_no_torque_features,suction,unknown,suction,peel_then_translate,0.72625,1,0.17000,1,1,0,0,0,0.68300,1.93565,0.72566,0.07526,0.00,0.01636,0.12049,0.02952,0.04521,0.72625,0.06217
0,7000,combined_fixture_stress_0_7000_suction,combined_fixture_stress,latent_fixture_no_compliance_anisotropy,suction,unknown,suction,peel_then_translate,0.77058,1,0.17000,1,1,0,0,0,0.68300,1.93565,0.73542,0.07000,0.00,0.00416,0.12548,0.03462,0.01131,0.77058,0.05384
0,7000,combined_fixture_stress_0_7000_suction,combined_fixture_stress,latent_fixture_no_release_cues,suction,unknown,clamp,release_clamp_pull,0.45511,0,0.74000,0,0,1,0,1,0.12600,2.13060,0.01695,0.00029,0.00,0.01288,0.45511,0.12952,0.12835,0.04573,0.22840
0,7000,combined_fixture_stress_0_7000_suction,combined_fixture_stress,latent_fixture_no_hysteresis_memory,suction,unknown,suction,peel_then_translate,0.78388,1,0.17000,1,1,0,0,0,0.68300,1.93565,0.73834,0.06846,0.00,0.00933,0.06876,0.06249,0.04982,0.78388,0.02571
0,7000,combined_fixture_stress_0_7000_suction,combined_fixture_stress,latent_fixture_no_particle_refinement,suction,unknown,suction,peel_then_translate,0.90307,1,0.11000,0,0,1,0,0,0.06900,2.15055,0.78208,0.61165,0.00,0.00089,0.04968,0.01133,0.01341,0.90307,0.02161
0,7000,combined_fixture_stress_0_7000_suction,combined_fixture_stress,latent_fixture_no_safety_margin,suction,unknown,suction,peel_then_translate,0.77117,1,0.11000,1,1,0,1,0,0.68900,2.63355,0.75239,0.06131,0.00,0.00468,0.11868,0.03096,0.02655,0.77117,0.04796
0,7001,combined_fixture_stress_0_7001_tether,combined_fixture_stress,latent_fixture_full,tether,suction,tether,unwind_tether,0.38091,1,0.11000,1,1,0,0,0,0.68900,1.95772,0.66042,0.11532,0.00,0.01919,0.30693,0.04729,0.11183,0.13385,0.38091
0,7001,combined_fixture_stress_0_7001_tether,combined_fixture_stress,latent_fixture_no_torque_features,tether,suction,clamp,release_clamp_pull,0.34461,0,0.74000,0,0,1,1,1,0.12600,2.85477,0.01633,0.00027,0.00,0.03384,0.34461,0.04447,0.10510,0.14230,0.32968
0,7001,combined_fixture_stress_0_7001_tether,combined_fixture_stress,latent_fixture_no_compliance_anisotropy,tether,suction,tether,unwind_tether,0.40399,1,0.17000,0,0,1,0,1,0.06300,2.17682,0.63809,0.40715,0.00,0.01693,0.33889,0.05352,0.04071,0.14596,0.40399
0,7001,combined_fixture_stress_0_7001_tether,combined_fixture_stress,latent_fixture_no_release_cues,tether,suction,tether,unwind_tether,0.40729,1,0.17000,1,1,0,0,0,0.68300,1.95982,0.63879,0.13047,0.00,0.01997,0.33310,0.05041,0.11826,0.07096,0.40729
0,7001,combined_fixture_stress_0_7001_tether,combined_fixture_stress,latent_fixture_no_hysteresis_memory,tether,suction,clamp,release_clamp_pull,0.30609,0,0.74000,0,0,1,0,0,0.12600,2.15477,0.01611,0.00026,0.00,0.04217,0.30609,0.09987,0.27520,0.21736,0.05932
0,7001,combined_fixture_stress_0_7001_tether,combined_fixture_stress,latent_fixture_no_particle_refinement,tether,suction,clamp,release_clamp_pull,0.40023,0,0.68000,0,0,1,0,0,0.13200,2.15267,0.01664,0.00028,0.00,0.00824,0.40023,0.04181,0.07910,0.11242,0.35820
0,7001,combined_fixture_stress_0_7001_tether,combined_fixture_stress,latent_fixture_no_safety_margin,tether,suction,tether,direct_translate,0.38091,1,0.11000,0,0,1,1,0,0.18900,2.83272,0.16856,0.02841,0.00,0.01919,0.30693,0.04729,0.11183,0.13385,0.38091
0,7002,combined_fixture_stress_0_7002_free,combined_fixture_stress,latent_fixture_full,free,free,free,direct_translate,0.30394,1,0.11000,1,1,0,0,0,0.80900,1.73729,0.76396,0.05571,0.00,0.30394,0.13883,0.11477,0.21360,0.11011,0.11875
0,7002,combined_fixture_stress_0_7002_free,combined_fixture_stress,latent_fixture_no_torque_features,free,free,slot,follow_slot_axis,0.24480,0,0.74000,0,0,1,1,0,0.12600,2.67634,0.01577,0.00025,0.00,0.21901,0.17646,0.06878,0.24480,0.14659,0.14436
0,7002,combined_fixture_stress_0_7002_free,combined_fixture_stress,latent_fixture_no_compliance_anisotropy,free,free,free,direct_translate,0.25910,1,0.17000,1,1,0,0,0,0.80300,1.73939,0.72589,0.07513,0.00,0.25910,0.18203,0.17046,0.07308,0.14503,0.17030
0,7002,combined_fixture_stress_0_7002_free,combined_fixture_stress,latent_fixture_no_release_cues,free,free,free,direct_translate,0.31878,1,0.17000,1,1,0,0,0,0.80300,1.73939,0.74120,0.06698,0.00,0.31878,0.15312,0.12416,0.23392,0.04210,0.12793
0,7002,combined_fixture_stress_0_7002_free,combined_fixture_stress,latent_fixture_no_hysteresis_memory,free,free,free,direct_translate,0.33118,1,0.17000,1,1,0,0,0,0.80300,1.73939,0.74438,0.06534,0.00,0.33118,0.10931,0.12998,0.24493,0.12530,0.05930
0,7002,combined_fixture_stress_0_7002_free,combined_fixture_stress,latent_fixture_no_particle_refinement,free,free,slot,follow_slot_axis,0.25601,0,0.68000,0,0,1,0,0,0.13200,1.97424,0.01583,0.00025,0.00,0.18694,0.18888,0.12143,0.25601,0.12837,0.11837
0,7002,combined_fixture_stress_0_7002_free,combined_fixture_stress,latent_fixture_no_safety_margin,free,free,free,direct_translate,0.30394,1,0.11000,1,1,0,0,0,0.80900,1.73729,0.75189,0.06156,0.00,0.30394,0.13883,0.11477,0.21360,0.11011,0.11875
0,7003,combined_fixture_stress_0_7003_clamp,combined_fixture_stress,latent_fixture_full,clamp,unknown,suction,peel_then_translate,0.51195,0,0.68000,0,0,1,1,0,0.01200,2.94194,0.02409,0.00058,0.00,0.00099,0.29306,0.01678,0.03170,0.51195,0.14551
0,7003,combined_fixture_stress_0_7003_clamp,combined_fixture_stress,latent_fixture_no_torque_features,clamp,unknown,suction,peel_then_translate,0.54731,0,0.74000,0,0,1,1,1,0.00600,2.94404,0.01746,0.00031,0.00,0.00882,0.20087,0.02850,0.05467,0.54731,0.15982
0,7003,combined_fixture_stress_0_7003_clamp,combined_fixture_stress,latent_fixture_no_compliance_anisotropy,clamp,unknown,suction,peel_then_translate,0.52954,0,0.74000,0,0,1,1,0,0.00600,2.94404,0.01737,0.00030,0.00,0.00101,0.30445,0.01505,0.00372,0.52954,0.14624
0,7003,combined_fixture_stress_0_7003_clamp,combined_fixture_stress,latent_fixture_no_release_cues,clamp,unknown,clamp,release_clamp_pull,0.45768,1,0.17000,1,0,0,0,0,0.80300,1.96509,0.65808,0.11691,0.00,0.00224,0.45768,0.04150,0.08334,0.02708,0.38816
0,7003,combined_fixture_stress_0_7003_clamp,combined_fixture_stress,latent_fixture_no_hysteresis_memory,clamp,unknown,suction,peel_then_translate,0.66492,0,0.74000,0,0,1,1,1,0.00600,2.94404,0.01812,0.00033,0.00,0.00290,0.13311,0.08164,0.08079,0.66492,0.03664
0,7003,combined_fixture_stress_0_7003_clamp,combined_fixture_stress,latent_fixture_no_particle_refinement,clamp,unknown,suction,peel_then_translate,0.68085,0,0.68000,0,0,1,1,0,0.01200,2.94194,0.01821,0.00033,0.00,0.00064,0.12870,0.00974,0.03540,0.68085,0.14467
0,7003,combined_fixture_stress_0_7003_clamp,combined_fixture_stress,latent_fixture_no_safety_margin,clamp,unknown,suction,peel_then_translate,0.51195,0,0.68000,0,0,1,1,1,0.01200,2.94194,0.01727,0.00030,0.00,0.00099,0.29306,0.01678,0.03170,0.51195,0.14551
0,7004,combined_fixture_stress_0_7004_hinge,combined_fixture_stress,latent_fixture_full,hinge,unknown,hinge,pivot_rotate,0.33758,1,0.11000,1,1,0,0,0,0.80900,1.74197,0.68330,0.10030,0.00,0.02652,0.32966,0.33758,0.14716,0.08087,0.07821
0,7004,combined_fixture_stress_0_7004_hinge,combined_fixture_stress,latent_fixture_no_torque_features,hinge,unknown,clamp,release_clamp_pull,0.44023,0,0.74000,0,0,1,1,0,0.12600,2.68102,0.01687,0.00028,0.00,0.04820,0.44023,0.07063,0.19457,0.13639,0.10998
0,7004,combined_fixture_stress_0_7004_hinge,combined_fixture_stress,latent_fixture_no_compliance_anisotropy,hinge,unknown,clamp,release_clamp_pull,0.38577,0,0.74000,0,0,1,0,1,0.12600,1.98102,0.01656,0.00027,0.00,0.03376,0.38577,0.35503,0.03697,0.09623,0.09224
0,7004,combined_fixture_stress_0_7004_hinge,combined_fixture_stress,latent_fixture_no_release_cues,hinge,unknown,clamp,release_clamp_pull,0.35635,0,0.74000,0,0,1,0,1,0.12600,1.98102,0.01640,0.00027,0.00,0.02779,0.35635,0.34999,0.15691,0.02719,0.08176
0,7004,combined_fixture_stress_0_7004_hinge,combined_fixture_stress,latent_fixture_no_hysteresis_memory,hinge,unknown,hinge,pivot_rotate,0.37346,1,0.17000,1,1,0,0,0,0.80300,1.74407,0.66452,0.11255,0.00,0.02999,0.27400,0.37346,0.17627,0.09840,0.04788
0,7004,combined_fixture_stress_0_7004_hinge,combined_fixture_stress,latent_fixture_no_particle_refinement,hinge,unknown,clamp,release_clamp_pull,0.45953,0,0.68000,0,0,1,1,1,0.13200,2.67892,0.01697,0.00029,0.00,0.02111,0.45953,0.20239,0.15793,0.10019,0.05885
0,7004,combined_fixture_stress_0_7004_hinge,combined_fixture_stress,latent_fixture_no_safety_margin,hinge,unknown,hinge,direct_translate,0.33758,1,0.11000,0,0,1,1,0,0.18900,2.65897,0.10092,0.01018,0.00,0.02652,0.32966,0.33758,0.14716,0.08087,0.07821
0,7005,combined_fixture_stress_0_7005_slot,combined_fixture_stress,latent_fixture_full,slot,unknown,clamp,release_clamp_pull,0.55277,0,0.68000,0,0,1,0,1,0.13200,2.07332,0.02441,0.00060,0.00,0.01327,0.55277,0.03731,0.33326,0.04196,0.02143
0,7005,combined_fixture_stress_0_7005_slot,combined_fixture_stress,latent_fixture_no_torque_features,slot,unknown,clamp,release_clamp_pull,0.59920,0,0.74000,0,0,1,1,0,0.12600,2.77542,0.01776,0.00032,0.00,0.03313,0.59920,0.03993,0.18283,0.08930,0.05562
0,7005,combined_fixture_stress_0_7005_slot,combined_fixture_stress,latent_fixture_no_compliance_anisotropy,slot,unknown,clamp,release_clamp_pull,0.62130,0,0.74000,0,0,1,1,0,0.12600,2.77542,0.01788,0.00032,0.00,0.02151,0.62130,0.06234,0.17979,0.07252,0.04254
0,7005,combined_fixture_stress_0_7005_slot,combined_fixture_stress,latent_fixture_no_release_cues,slot,unknown,clamp,release_clamp_pull,0.57107,0,0.74000,0,0,1,0,1,0.12600,2.07542,0.01760,0.00031,0.00,0.01344,0.57107,0.03829,0.33718,0.01815,0.02187
0,7005,combined_fixture_stress_0_7005_slot,combined_fixture_stress,latent_fixture_no_hysteresis_memory,slot,unknown,clamp,release_clamp_pull,0.50997,0,0.74000,0,0,1,1,0,0.12600,2.77542,0.01726,0.00030,0.00,0.02106,0.50997,0.05307,0.34421,0.05421,0.01748
0,7005,combined_fixture_stress_0_7005_slot,combined_fixture_stress,latent_fixture_no_particle_refinement,slot,unknown,clamp,release_clamp_pull,0.78674,0,0.68000,0,0,1,1,0,0.13200,2.77332,0.01881,0.00035,0.00,0.00624,0.78674,0.04019,0.10790,0.04105,0.01788
0,7005,combined_fixture_stress_0_7005_slot,combined_fixture_stress,latent_fixture_no_safety_margin,slot,unknown,clamp,release_clamp_pull,0.55277,0,0.68000,0,0,1,1,1,0.13200,2.77332,0.01750,0.00031,0.00,0.01327,0.55277,0.03731,0.33326,0.04196,0.02143
0,7006,combined_fixture_stress_0_7006_suction,combined_fixture_stress,latent_fixture_full,suction,unknown,suction,peel_then_translate,0.84563,1,0.11000,1,1,0,0,0,0.68900,1.84732,0.78350,0.04687,0.00,0.00321,0.06645,0.01366,0.03240,0.84563,0.03865
0,7006,combined_fixture_stress_0_7006_suction,combined_fixture_stress,latent_fixture_no_torque_features,suction,unknown,suction,peel_then_translate,0.73341,1,0.17000,1,1,0,0,0,0.68300,1.84942,0.72724,0.07440,0.00,0.01686,0.10683,0.02855,0.05093,0.73341,0.06342
0,7006,combined_fixture_stress_0_7006_suction,combined_fixture_stress,latent_fixture_no_compliance_anisotropy,suction,unknown,suction,peel_then_translate,0.84594,1,0.17000,1,1,0,0,0,0.68300,1.84942,0.75200,0.06150,0.00,0.00278,0.07861,0.01568,0.01587,0.84594,0.04112
0,7006,combined_fixture_stress_0_7006_suction,combined_fixture_stress,latent_fixture_no_release_cues,suction,unknown,clamp,release_clamp_pull,0.48684,0,0.74000,0,0,1,0,1,0.12600,2.04437,0.01713,0.00029,0.00,0.01135,0.48684,0.06170,0.15669,0.07855,0.20486
0,7006,combined_fixture_stress_0_7006_suction,combined_fixture_stress,latent_fixture_no_hysteresis_memory,suction,unknown,suction,peel_then_translate,0.80851,1,0.17000,1,0,0,0,0,0.68300,1.84942,0.74376,0.06566,0.00,0.00921,0.05181,0.03451,0.07154,0.80851,0.02442
0,7006,combined_fixture_stress_0_7006_suction,combined_fixture_stress,latent_fixture_no_particle_refinement,suction,unknown,suction,peel_then_translate,0.89978,1,0.11000,1,1,0,0,0,0.68900,1.84732,0.78134,0.04781,0.00,0.00095,0.05869,0.00668,0.01001,0.89978,0.02389
0,7006,combined_fixture_stress_0_7006_suction,combined_fixture_stress,latent_fixture_no_safety_margin,suction,unknown,suction,peel_then_translate,0.84563,1,0.11000,1,1,0,0,0,0.68900,1.84732,0.76915,0.05329,0.00,0.00321,0.06645,0.01366,0.03240,0.84563,0.03865
1,7000,combined_fixture_stress_1_7000_free,combined_fixture_stress,latent_fixture_full,free,unknown,free,direct_translate,0.35888,1,0.11000,1,1,0,0,0,0.80900,1.81714,0.77856,0.04904,0.00,0.35888,0.11514,0.11416,0.19778,0.10149,0.11255
1,7000,combined_fixture_stress_1_7000_free,combined_fixture_stress,latent_fixture_no_torque_features,free,unknown,slot,follow_slot_axis,0.25167,0,0.74000,0,0,1,1,0,0.12600,2.75619,0.01581,0.00025,0.00,0.20992,0.15595,0.06034,0.25167,0.14054,0.18158
1,7000,combined_fixture_stress_1_7000_free,combined_fixture_stress,latent_fixture_no_compliance_anisotropy,free,unknown,free,direct_translate,0.29572,1,0.17000,1,1,0,0,0,0.80300,1.81924,0.73529,0.07007,0.00,0.29572,0.15431,0.18186,0.06188,0.13983,0.16640
1,7000,combined_fixture_stress_1_7000_free,combined_fixture_stress,latent_fixture_no_release_cues,free,unknown,free,direct_translate,0.36888,1,0.17000,1,1,0,0,0,0.80300,1.81924,0.75405,0.06049,0.00,0.36888,0.12953,0.12782,0.22303,0.02457,0.12617
1,7000,combined_fixture_stress_1_7000_free,combined_fixture_stress,latent_fixture_no_hysteresis_memory,free,unknown,free,direct_translate,0.37548,1,0.17000,1,1,0,0,0,0.80300,1.81924,0.75574,0.05966,0.00,0.37548,0.09308,0.13773,0.23993,0.12322,0.03056
1,7000,combined_fixture_stress_1_7000_free,combined_fixture_stress,latent_fixture_no_particle_refinement,free,unknown,slot,follow_slot_axis,0.27262,0,0.68000,0,0,1,1,0,0.13200,2.75409,0.01593,0.00025,0.00,0.11198,0.16355,0.15510,0.27262,0.14223,0.15451
1,7000,combined_fixture_stress_1_7000_free,combined_fixture_stress,latent_fixture_no_safety_margin,free,unknown,free,direct_translate,0.35888,1,0.11000,1,1,0,1,0,0.80900,2.51714,0.76625,0.05464,0.00,0.35888,0.11514,0.11416,0.19778,0.10149,0.11255
1,7001,combined_fixture_stress_1_7001_clamp,combined_fixture_stress,latent_fixture_full,clamp,clamp,suction,peel_then_translate,0.56576,0,0.68000,0,0,1,1,0,0.01200,2.76700,0.02451,0.00060,0.00,0.00135,0.30051,0.01192,0.02097,0.56576,0.09949
1,7001,combined_fixture_stress_1_7001_clamp,combined_fixture_stress,latent_fixture_no_torque_features,clamp,clamp,suction,peel_then_translate,0.54719,0,0.74000,0,0,1,0,0,0.00600,2.06910,0.01746,0.00031,0.00,0.01050,0.24683,0.02656,0.03519,0.54719,0.13373
1,7001,combined_fixture_stress_1_7001_clamp,combined_fixture_stress,latent_fixture_no_compliance_anisotropy,clamp,clamp,suction,peel_then_translate,0.57296,0,0.74000,0,0,1,1,0,0.00600,2.76910,0.01761,0.00031,0.00,0.00156,0.29950,0.01291,0.00713,0.57296,0.10595
1,7001,combined_fixture_stress_1_7001_clamp,combined_fixture_stress,latent_fixture_no_release_cues,clamp,clamp,clamp,release_clamp_pull,0.58564,1,0.17000,1,1,0,0,0,0.80300,1.79015,0.68588,0.09867,0.00,0.00314,0.58564,0.02990,0.05561,0.04465,0.28106
1,7001,combined_fixture_stress_1_7001_clamp,combined_fixture_stress,latent_fixture_no_hysteresis_memory,clamp,clamp,suction,peel_then_translate,0.70513,0,0.74000,0,0,1,1,1,0.00600,2.76910,0.01835,0.00034,0.00,0.00409,0.15918,0.03802,0.06091,0.70513,0.03267
1,7001,combined_fixture_stress_1_7001_clamp,combined_fixture_stress,latent_fixture_no_particle_refinement,clamp,clamp,suction,peel_then_translate,0.68834,0,0.68000,0,0,1,1,0,0.01200,2.76700,0.01825,0.00033,0.00,0.00086,0.19342,0.00893,0.01835,0.68834,0.09009
1,7001,combined_fixture_stress_1_7001_clamp,combined_fixture_stress,latent_fixture_no_safety_margin,clamp,clamp,suction,peel_then_translate,0.56576,0,0.68000,0,0,1,1,1,0.01200,2.76700,0.01757,0.00031,0.00,0.00135,0.30051,0.01192,0.02097,0.56576,0.09949
1,7002,combined_fixture_stress_1_7002_hinge,combined_fixture_stress,latent_fixture_full,hinge,unknown,hinge,pivot_rotate,0.41196,1,0.11000,1,1,0,0,0,0.80900,1.85690,0.70077,0.08954,0.00,0.02317,0.27434,0.41196,0.15579,0.07495,0.05979
1,7002,combined_fixture_stress_1_7002_hinge,combined_fixture_stress,latent_fixture_no_torque_features,hinge,unknown,clamp,release_clamp_pull,0.42649,0,0.74000,0,0,1,0,1,0.12600,2.09595,0.01679,0.00028,0.00,0.04452,0.42649,0.06493,0.21294,0.13234,0.11878
1,7002,combined_fixture_stress_1_7002_hinge,combined_fixture_stress,latent_fixture_no_compliance_anisotropy,hinge,unknown,hinge,pivot_rotate,0.45402,1,0.17000,1,1,0,0,0,0.80300,1.85900,0.68270,0.10068,0.00,0.02429,0.32794,0.45402,0.03186,0.08911,0.07278
1,7002,combined_fixture_stress_1_7002_hinge,combined_fixture_stress,latent_fixture_no_release_cues,hinge,unknown,hinge,pivot_rotate,0.42841,1,0.17000,0,0,1,0,0,0.18300,2.07600,0.67692,0.45822,0.00,0.02406,0.29434,0.42841,0.16564,0.02530,0.06225
1,7002,combined_fixture_stress_1_7002_hinge,combined_fixture_stress,latent_fixture_no_hysteresis_memory,hinge,unknown,hinge,pivot_rotate,0.45288,1,0.17000,1,1,0,0,0,0.80300,1.85900,0.68244,0.10084,0.00,0.02599,0.21842,0.45288,0.17851,0.08660,0.03761
1,7002,combined_fixture_stress_1_7002_hinge,combined_fixture_stress,latent_fixture_no_particle_refinement,hinge,unknown,clamp,release_clamp_pull,0.38371,0,0.68000,0,0,1,0,0,0.13200,2.09385,0.01655,0.00027,0.00,0.01589,0.38371,0.29388,0.17263,0.08958,0.04430
1,7002,combined_fixture_stress_1_7002_hinge,combined_fixture_stress,latent_fixture_no_safety_margin,hinge,unknown,hinge,direct_translate,0.41196,1,0.11000,0,0,1,1,1,0.18900,2.77390,0.10350,0.01071,0.00,0.02317,0.27434,0.41196,0.15579,0.07495,0.05979
1,7003,combined_fixture_stress_1_7003_slot,combined_fixture_stress,latent_fixture_full,slot,slot,clamp,release_clamp_pull,0.52073,0,0.68000,0,0,1,1,0,0.13200,2.81121,0.02416,0.00058,0.00,0.00598,0.52073,0.04810,0.35713,0.03825,0.02981
1,7003,combined_fixture_stress_1_7003_slot,combined_fixture_stress,latent_fixture_no_torque_features,slot,slot,clamp,release_clamp_pull,0.57523,0,0.74000,0,0,1,0,0,0.12600,2.11331,0.01762,0.00031,0.00,0.02121,0.57523,0.04828,0.21043,0.06681,0.07803
1,7003,combined_fixture_stress_1_7003_slot,combined_fixture_stress,latent_fixture_no_compliance_anisotropy,slot,slot,clamp,release_clamp_pull,0.65231,0,0.74000,0,0,1,1,0,0.12600,2.81331,0.01805,0.00033,0.00,0.01141,0.65231,0.07934,0.13852,0.06206,0.05636
1,7003,combined_fixture_stress_1_7003_slot,combined_fixture_stress,latent_fixture_no_release_cues,slot,slot,clamp,release_clamp_pull,0.53218,0,0.74000,0,0,1,1,1,0.12600,2.81331,0.01738,0.00030,0.00,0.00605,0.53218,0.04854,0.36141,0.02172,0.03009
1,7003,combined_fixture_stress_1_7003_slot,combined_fixture_stress,latent_fixture_no_hysteresis_memory,slot,slot,clamp,release_clamp_pull,0.46773,0,0.74000,0,0,1,1,1,0.12600,2.81331,0.01702,0.00029,0.00,0.00748,0.46773,0.05713,0.39606,0.04547,0.02614
1,7003,combined_fixture_stress_1_7003_slot,combined_fixture_stress,latent_fixture_no_particle_refinement,slot,slot,clamp,release_clamp_pull,0.73168,0,0.68000,0,0,1,1,0,0.13200,2.81121,0.01850,0.00034,0.00,0.00363,0.73168,0.02082,0.20122,0.02958,0.01308
1,7003,combined_fixture_stress_1_7003_slot,combined_fixture_stress,latent_fixture_no_safety_margin,slot,slot,clamp,release_clamp_pull,0.52073,0,0.68000,0,0,1,1,1,0.13200,2.81121,0.01732,0.00030,0.00,0.00598,0.52073,0.04810,0.35713,0.03825,0.02981
1,7004,combined_fixture_stress_1_7004_suction,combined_fixture_stress,latent_fixture_full,suction,unknown,suction,peel_then_translate,0.73791,1,0.11000,1,1,0,0,0,0.68900,1.73884,0.75880,0.05818,0.00,0.01569,0.07880,0.04249,0.06268,0.73791,0.06243
1,7004,combined_fixture_stress_1_7004_suction,combined_fixture_stress,latent_fixture_no_torque_features,suction,unknown,suction,peel_then_translate,0.68861,1,0.17000,1,1,0,0,0,0.68300,1.74094,0.71738,0.07988,0.00,0.02192,0.12835,0.02894,0.04296,0.68861,0.08924
1,7004,combined_fixture_stress_1_7004_suction,combined_fixture_stress,latent_fixture_no_compliance_anisotropy,suction,unknown,suction,peel_then_translate,0.75724,1,0.17000,1,1,0,0,0,0.68300,1.74094,0.73248,0.07157,0.00,0.00786,0.08985,0.04822,0.03174,0.75724,0.06510
1,7004,combined_fixture_stress_1_7004_suction,combined_fixture_stress,latent_fixture_no_release_cues,suction,unknown,clamp,release_clamp_pull,0.43634,0,0.74000,0,0,1,1,0,0.12600,2.63589,0.01684,0.00028,0.00,0.02845,0.43634,0.13618,0.15307,0.05370,0.19226
1,7004,combined_fixture_stress_1_7004_suction,combined_fixture_stress,latent_fixture_no_hysteresis_memory,suction,unknown,suction,peel_then_translate,0.72742,1,0.17000,0,0,1,0,0,0.06300,1.95794,0.72592,0.52696,0.00,0.03167,0.05086,0.06593,0.09436,0.72742,0.02976
1,7004,combined_fixture_stress_1_7004_suction,combined_fixture_stress,latent_fixture_no_particle_refinement,suction,unknown,suction,peel_then_translate,0.86038,1,0.11000,1,1,0,0,0,0.68900,1.73884,0.77247,0.05177,0.00,0.00131,0.07068,0.02453,0.01198,0.86038,0.03111
1,7004,combined_fixture_stress_1_7004_suction,combined_fixture_stress,latent_fixture_no_safety_margin,suction,unknown,suction,peel_then_translate,0.73791,1,0.11000,1,1,0,0,1,0.68900,1.73884,0.74490,0.06507,0.00,0.01569,0.07880,0.04249,0.06268,0.73791,0.06243
1,7005,combined_fixture_stress_1_7005_tether,combined_fixture_stress,latent_fixture_full,tether,unknown,tether,unwind_tether,0.43736,1,0.11000,1,1,0,0,0,0.68900,2.02588,0.67304,0.10690,0.00,0.00678,0.33805,0.07013,0.10196,0.04571,0.43736
1,7005,combined_fixture_stress_1_7005_tether,combined_fixture_stress,latent_fixture_no_torque_features,tether,unknown,clamp,release_clamp_pull,0.39171,0,0.74000,0,0,1,1,1,0.12600,2.92293,0.01659,0.00028,0.00,0.01961,0.39171,0.04135,0.11243,0.06837,0.36653
1,7005,combined_fixture_stress_1_7005_tether,combined_fixture_stress,latent_fixture_no_compliance_anisotropy,tether,unknown,tether,unwind_tether,0.47514,1,0.17000,1,1,0,0,0,0.68300,2.02798,0.65334,0.12017,0.00,0.00850,0.37490,0.07343,0.01704,0.05099,0.47514
1,7005,combined_fixture_stress_1_7005_tether,combined_fixture_stress,latent_fixture_no_release_cues,tether,unknown,tether,unwind_tether,0.44753,1,0.17000,1,1,0,0,0,0.68300,2.02798,0.64742,0.12431,0.00,0.00692,0.34567,0.07164,0.10499,0.02326,0.44753
1,7005,combined_fixture_stress_1_7005_tether,combined_fixture_stress,latent_fixture_no_hysteresis_memory,tether,unknown,clamp,release_clamp_pull,0.33601,0,0.74000,0,0,1,1,0,0.12600,2.92293,0.01628,0.00027,0.00,0.01847,0.33601,0.21296,0.28366,0.08536,0.06353
1,7005,combined_fixture_stress_1_7005_tether,combined_fixture_stress,latent_fixture_no_particle_refinement,tether,unknown,clamp,release_clamp_pull,0.42076,0,0.68000,0,0,1,1,1,0.13200,2.92083,0.01676,0.00028,0.00,0.00465,0.42076,0.05123,0.11314,0.04045,0.36976
1,7005,combined_fixture_stress_1_7005_tether,combined_fixture_stress,latent_fixture_no_safety_margin,tether,unknown,tether,direct_translate,0.43736,1,0.11000,0,0,1,1,1,0.18900,2.90088,0.17178,0.02951,0.00,0.00678,0.33805,0.07013,0.10196,0.04571,0.43736
1,7006,combined_fixture_stress_1_7006_free,combined_fixture_stress,latent_fixture_full,free,unknown,free,direct_translate,0.31803,1,0.11000,1,1,0,0,0,0.80900,1.90013,0.76771,0.05396,0.00,0.31803,0.10831,0.18027,0.18293,0.08072,0.12974
1,7006,combined_fixture_stress_1_7006_free,combined_fixture_stress,latent_fixture_no_torque_features,free,unknown,slot,follow_slot_axis,0.25228,0,0.74000,0,0,1,0,1,0.12600,2.13918,0.01581,0.00025,0.00,0.15967,0.17164,0.06652,0.25228,0.12966,0.22024
1,7006,combined_fixture_stress_1_7006_free,combined_fixture_stress,latent_fixture_no_compliance_anisotropy,free,unknown,hinge,pivot_rotate,0.26228,0,0.74000,0,0,1,1,1,0.12600,2.83918,0.01587,0.00025,0.00,0.23338,0.14349,0.26228,0.05655,0.11041,0.19388
1,7006,combined_fixture_stress_1_7006_free,combined_fixture_stress,latent_fixture_no_release_cues,free,unknown,free,direct_translate,0.32361,1,0.17000,1,1,0,0,0,0.80300,1.90223,0.74244,0.06634,0.00,0.32361,0.11817,0.19598,0.19939,0.02215,0.14070
1,7006,combined_fixture_stress_1_7006_free,combined_fixture_stress,latent_fixture_no_hysteresis_memory,free,unknown,free,direct_translate,0.33279,1,0.17000,1,1,0,0,0,0.80300,1.90223,0.74479,0.06513,0.00,0.33279,0.08803,0.22032,0.22673,0.09972,0.03241
1,7006,combined_fixture_stress_1_7006_free,combined_fixture_stress,latent_fixture_no_particle_refinement,free,unknown,slot,follow_slot_axis,0.24369,0,0.68000,0,0,1,1,1,0.13200,2.83708,0.01576,0.00025,0.00,0.08340,0.15238,0.24179,0.24369,0.11010,0.16863
1,7006,combined_fixture_stress_1_7006_free,combined_fixture_stress,latent_fixture_no_safety_margin,free,unknown,free,direct_translate,0.31803,1,0.11000,1,1,0,0,1,0.80900,1.90013,0.75557,0.05975,0.00,0.31803,0.10831,0.18027,0.18293,0.08072,0.12974
2,7000,combined_fixture_stress_2_7000_hinge,combined_fixture_stress,latent_fixture_full,hinge,unknown,hinge,pivot_rotate,0.37063,1,0.11000,1,1,0,0,0,0.80900,1.63065,0.69107,0.09544,0.00,0.01567,0.25455,0.37063,0.23563,0.06318,0.06035
2,7000,combined_fixture_stress_2_7000_hinge,combined_fixture_stress,latent_fixture_no_torque_features,hinge,unknown,clamp,release_clamp_pull,0.33245,0,0.74000,0,0,1,1,0,0.12600,2.56970,0.01626,0.00026,0.00,0.03344,0.33245,0.08364,0.32413,0.10329,0.12304
2,7000,combined_fixture_stress_2_7000_hinge,combined_fixture_stress,latent_fixture_no_compliance_anisotropy,hinge,unknown,hinge,pivot_rotate,0.40959,1,0.17000,1,0,0,0,0,0.80300,1.63275,0.67267,0.10714,0.00,0.02548,0.35945,0.40959,0.02670,0.09057,0.08821
2,7000,combined_fixture_stress_2_7000_hinge,combined_fixture_stress,latent_fixture_no_release_cues,hinge,unknown,hinge,pivot_rotate,0.37972,1,0.17000,0,0,1,0,0,0.18300,1.84975,0.66593,0.44347,0.00,0.01645,0.27043,0.37972,0.25038,0.02015,0.06287
2,7000,combined_fixture_stress_2_7000_hinge,combined_fixture_stress,latent_fixture_no_hysteresis_memory,hinge,unknown,hinge,pivot_rotate,0.39644,1,0.17000,1,1,0,0,0,0.80300,1.63275,0.66970,0.10909,0.00,0.01777,0.20149,0.39644,0.27886,0.07428,0.03116
2,7000,combined_fixture_stress_2_7000_hinge,combined_fixture_stress,latent_fixture_no_particle_refinement,hinge,unknown,clamp,release_clamp_pull,0.35057,0,0.68000,0,0,1,1,1,0.13200,2.56760,0.01636,0.00027,0.00,0.01686,0.35057,0.18800,0.31099,0.07979,0.05379
2,7000,combined_fixture_stress_2_7000_hinge,combined_fixture_stress,latent_fixture_no_safety_margin,hinge,unknown,hinge,direct_translate,0.37063,1,0.11000,0,0,1,0,0,0.18900,1.84765,0.10207,0.01042,0.00,0.01567,0.25455,0.37063,0.23563,0.06318,0.06035
2,7001,combined_fixture_stress_2_7001_slot,combined_fixture_stress,latent_fixture_full,slot,clamp,clamp,release_clamp_pull,0.62724,0,0.68000,0,0,1,1,1,0.13200,2.71081,0.02499,0.00062,0.00,0.00530,0.62724,0.03526,0.28116,0.02848,0.02257
2,7001,combined_fixture_stress_2_7001_slot,combined_fixture_stress,latent_fixture_no_torque_features,slot,clamp,clamp,release_clamp_pull,0.65913,0,0.74000,0,0,1,0,0,0.12600,2.01291,0.01809,0.00033,0.00,0.02058,0.65913,0.04718,0.14762,0.05654,0.06895
2,7001,combined_fixture_stress_2_7001_slot,combined_fixture_stress,latent_fixture_no_compliance_anisotropy,slot,clamp,clamp,release_clamp_pull,0.66730,0,0.74000,0,0,1,1,1,0.12600,2.71291,0.01814,0.00033,0.00,0.01034,0.66730,0.05774,0.16004,0.05481,0.04976
2,7001,combined_fixture_stress_2_7001_slot,combined_fixture_stress,latent_fixture_no_release_cues,slot,clamp,clamp,release_clamp_pull,0.63655,0,0.74000,0,0,1,1,0,0.12600,2.71291,0.01796,0.00032,0.00,0.00534,0.63655,0.03555,0.28228,0.01759,0.02270
2,7001,combined_fixture_stress_2_7001_slot,combined_fixture_stress,latent_fixture_no_hysteresis_memory,slot,clamp,clamp,release_clamp_pull,0.60186,0,0.74000,0,0,1,0,1,0.12600,2.01291,0.01777,0.00032,0.00,0.00807,0.60186,0.05189,0.27995,0.03528,0.02296
2,7001,combined_fixture_stress_2_7001_slot,combined_fixture_stress,latent_fixture_no_particle_refinement,slot,clamp,clamp,release_clamp_pull,0.89053,0,0.68000,0,0,1,1,0,0.13200,2.71081,0.01939,0.00038,0.00,0.00263,0.89053,0.02324,0.05476,0.01936,0.00948
2,7001,combined_fixture_stress_2_7001_slot,combined_fixture_stress,latent_fixture_no_safety_margin,slot,clamp,clamp,release_clamp_pull,0.62724,0,0.68000,0,0,1,1,1,0.13200,2.71081,0.01791,0.00032,0.00,0.00530,0.62724,0.03526,0.28116,0.02848,0.02257
2,7002,combined_fixture_stress_2_7002_suction,combined_fixture_stress,latent_fixture_full,suction,unknown,suction,peel_then_translate,0.78383,1,0.11000,1,1,0,0,0,0.68900,1.85950,0.76933,0.05321,0.00,0.00250,0.09691,0.01867,0.04574,0.78383,0.05235
2,7002,combined_fixture_stress_2_7002_suction,combined_fixture_stress,latent_fixture_no_torque_features,suction,unknown,suction,peel_then_translate,0.66523,1,0.17000,1,1,0,0,0,0.68300,1.86160,0.71223,0.08281,0.00,0.01272,0.11562,0.03782,0.07158,0.66523,0.09704
2,7002,combined_fixture_stress_2_7002_suction,combined_fixture_stress,latent_fixture_no_compliance_anisotropy,suction,unknown,suction,peel_then_translate,0.80115,1,0.17000,1,1,0,0,0,0.68300,1.86160,0.74214,0.06649,0.00,0.00301,0.09955,0.01904,0.02028,0.80115,0.05697
2,7002,combined_fixture_stress_2_7002_suction,combined_fixture_stress,latent_fixture_no_release_cues,suction,unknown,clamp,release_clamp_pull,0.48675,0,0.74000,0,0,1,1,0,0.12600,2.75655,0.01713,0.00029,0.00,0.00763,0.48675,0.06199,0.16468,0.08634,0.19261
2,7002,combined_fixture_stress_2_7002_suction,combined_fixture_stress,latent_fixture_no_hysteresis_memory,suction,unknown,suction,peel_then_translate,0.75733,1,0.17000,1,1,0,0,0,0.68300,1.86160,0.73250,0.07156,0.00,0.00626,0.07134,0.04761,0.09077,0.75733,0.02669
2,7002,combined_fixture_stress_2_7002_suction,combined_fixture_stress,latent_fixture_no_particle_refinement,suction,unknown,suction,peel_then_translate,0.83071,1,0.11000,1,1,0,0,0,0.68900,1.85950,0.76579,0.05485,0.00,0.00140,0.09798,0.01069,0.02056,0.83071,0.03866
2,7002,combined_fixture_stress_2_7002_suction,combined_fixture_stress,latent_fixture_no_safety_margin,suction,unknown,suction,peel_then_translate,0.78383,1,0.11000,0,0,1,0,0,0.06900,2.07650,0.75524,0.57039,0.00,0.00250,0.09691,0.01867,0.04574,0.78383,0.05235
2,7003,combined_fixture_stress_2_7003_tether,combined_fixture_stress,latent_fixture_full,tether,unknown,tether,unwind_tether,0.44735,1,0.11000,1,1,0,0,0,0.68900,1.84192,0.67528,0.10544,0.00,0.00705,0.35643,0.06974,0.07029,0.04913,0.44735
2,7003,combined_fixture_stress_2_7003_tether,combined_fixture_stress,latent_fixture_no_torque_features,tether,unknown,clamp,release_clamp_pull,0.37324,0,0.74000,0,0,1,0,1,0.12600,2.03897,0.01649,0.00027,0.00,0.02186,0.37324,0.05744,0.10380,0.07410,0.36956
2,7003,combined_fixture_stress_2_7003_tether,combined_fixture_stress,latent_fixture_no_compliance_anisotropy,tether,unknown,tether,unwind_tether,0.47265,1,0.17000,1,1,0,0,0,0.68300,1.84402,0.65281,0.12054,0.00,0.00806,0.38103,0.06879,0.01467,0.05480,0.47265
2,7003,combined_fixture_stress_2_7003_tether,combined_fixture_stress,latent_fixture_no_release_cues,tether,unknown,tether,unwind_tether,0.45872,1,0.17000,1,1,0,0,0,0.68300,1.84402,0.64982,0.12262,0.00,0.00726,0.36737,0.07136,0.07278,0.02251,0.45872
2,7003,combined_fixture_stress_2_7003_tether,combined_fixture_stress,latent_fixture_no_hysteresis_memory,tether,unknown,clamp,release_clamp_pull,0.37071,0,0.74000,0,0,1,1,1,0.12600,2.73897,0.01648,0.00027,0.00,0.02319,0.37071,0.24102,0.18548,0.10026,0.07934
2,7003,combined_fixture_stress_2_7003_tether,combined_fixture_stress,latent_fixture_no_particle_refinement,tether,unknown,clamp,release_clamp_pull,0.45027,0,0.68000,0,0,1,1,0,0.13200,2.73687,0.01692,0.00029,0.00,0.00712,0.45027,0.04865,0.08373,0.04896,0.36126
2,7003,combined_fixture_stress_2_7003_tether,combined_fixture_stress,latent_fixture_no_safety_margin,tether,unknown,tether,direct_translate,0.44735,1,0.11000,1,0,0,1,1,0.80900,2.49992,0.17235,0.68501,0.00,0.00705,0.35643,0.06974,0.07029,0.04913,0.44735
2,7004,combined_fixture_stress_2_7004_free,combined_fixture_stress,latent_fixture_full,free,free,free,direct_translate,0.40173,1,0.11000,1,1,0,0,0,0.80900,1.98187,0.78994,0.04412,0.00,0.40173,0.10959,0.19792,0.12119,0.08844,0.08113
2,7004,combined_fixture_stress_2_7004_free,combined_fixture_stress,latent_fixture_no_torque_features,free,free,free,direct_translate,0.25837,1,0.17000,1,1,0,0,0,0.80300,1.98397,0.72571,0.07524,0.00,0.25837,0.15970,0.07204,0.20117,0.14455,0.16416
2,7004,combined_fixture_stress_2_7004_free,combined_fixture_stress,latent_fixture_no_compliance_anisotropy,free,free,free,direct_translate,0.31120,1,0.17000,1,1,0,0,0,0.80300,1.98397,0.73925,0.06799,0.00,0.31120,0.12991,0.25442,0.06472,0.11532,0.12443
2,7004,combined_fixture_stress_2_7004_free,combined_fixture_stress,latent_fixture_no_release_cues,free,free,free,direct_translate,0.41534,1,0.17000,1,1,0,0,0,0.80300,1.98397,0.76596,0.05477,0.00,0.41534,0.12081,0.21783,0.13316,0.02414,0.08872
2,7004,combined_fixture_stress_2_7004_free,combined_fixture_stress,latent_fixture_no_hysteresis_memory,free,free,free,direct_translate,0.42321,1,0.17000,1,1,0,0,0,0.80300,1.98397,0.76798,0.05383,0.00,0.42321,0.08390,0.22600,0.13674,0.10052,0.02962
2,7004,combined_fixture_stress_2_7004_free,combined_fixture_stress,latent_fixture_no_particle_refinement,free,free,hinge,pivot_rotate,0.27464,0,0.68000,0,0,1,0,0,0.13200,2.21882,0.01594,0.00025,0.00,0.18545,0.15530,0.27464,0.15898,0.12097,0.10467
2,7004,combined_fixture_stress_2_7004_free,combined_fixture_stress,latent_fixture_no_safety_margin,free,free,free,direct_translate,0.40173,1,0.11000,1,1,0,0,0,0.80900,1.98187,0.77746,0.04953,0.00,0.40173,0.10959,0.19792,0.12119,0.08844,0.08113
2,7005,combined_fixture_stress_2_7005_clamp,combined_fixture_stress,latent_fixture_full,clamp,unknown,suction,peel_then_translate,0.65637,0,0.68000,0,0,1,1,0,0.01200,2.78038,0.02522,0.00064,0.00,0.00189,0.17330,0.03314,0.01391,0.65637,0.12140
2,7005,combined_fixture_stress_2_7005_clamp,combined_fixture_stress,latent_fixture_no_torque_features,clamp,unknown,suction,peel_then_translate,0.62609,0,0.74000,0,0,1,1,0,0.00600,2.78248,0.01791,0.00032,0.00,0.01113,0.13328,0.03529,0.04153,0.62609,0.15268
2,7005,combined_fixture_stress_2_7005_clamp,combined_fixture_stress,latent_fixture_no_compliance_anisotropy,clamp,unknown,suction,peel_then_translate,0.66254,0,0.74000,0,0,1,0,0,0.00600,2.08248,0.01811,0.00033,0.00,0.00211,0.16954,0.03301,0.00978,0.66254,0.12301
2,7005,combined_fixture_stress_2_7005_clamp,combined_fixture_stress,latent_fixture_no_release_cues,clamp,unknown,clamp,release_clamp_pull,0.42217,1,0.17000,0,0,1,0,0,0.18300,2.02053,0.65036,0.42297,0.00,0.00452,0.42217,0.09842,0.03691,0.05746,0.38052
2,7005,combined_fixture_stress_2_7005_clamp,combined_fixture_stress,latent_fixture_no_hysteresis_memory,clamp,unknown,suction,peel_then_translate,0.74730,0,0.74000,0,0,1,0,0,0.00600,2.08248,0.01858,0.00035,0.00,0.00505,0.08582,0.08231,0.04226,0.74730,0.03725
2,7005,combined_fixture_stress_2_7005_clamp,combined_fixture_stress,latent_fixture_no_particle_refinement,clamp,unknown,suction,peel_then_translate,0.76895,0,0.68000,0,0,1,1,0,0.01200,2.78038,0.01871,0.00035,0.00,0.00092,0.09712,0.02931,0.00662,0.76895,0.09709
2,7005,combined_fixture_stress_2_7005_clamp,combined_fixture_stress,latent_fixture_no_safety_margin,clamp,unknown,suction,peel_then_translate,0.65637,0,0.68000,0,0,1,1,1,0.01200,2.78038,0.01808,0.00033,0.00,0.00189,0.17330,0.03314,0.01391,0.65637,0.12140
2,7006,combined_fixture_stress_2_7006_hinge,combined_fixture_stress,latent_fixture_full,hinge,unknown,hinge,pivot_rotate,0.43586,1,0.11000,1,1,0,0,0,0.80900,1.78575,0.70639,0.08621,0.00,0.01344,0.28424,0.43586,0.15876,0.06275,0.04494
2,7006,combined_fixture_stress_2_7006_hinge,combined_fixture_stress,latent_fixture_no_torque_features,hinge,unknown,clamp,release_clamp_pull,0.40180,0,0.74000,0,0,1,1,0,0.12600,2.72480,0.01665,0.00028,0.00,0.03471,0.40180,0.07873,0.25442,0.11471,0.11563
2,7006,combined_fixture_stress_2_7006_hinge,combined_fixture_stress,latent_fixture_no_compliance_anisotropy,hinge,unknown,hinge,pivot_rotate,0.45534,1,0.17000,1,1,0,0,0,0.80300,1.78785,0.68300,0.10049,0.00,0.01885,0.35369,0.45534,0.02438,0.08179,0.06594
2,7006,combined_fixture_stress_2_7006_hinge,combined_fixture_stress,latent_fixture_no_release_cues,hinge,unknown,hinge,pivot_rotate,0.44872,1,0.17000,1,1,0,0,0,0.80300,1.78785,0.68150,0.10144,0.00,0.01417,0.30275,0.44872,0.16935,0.01812,0.04690
2,7006,combined_fixture_stress_2_7006_hinge,combined_fixture_stress,latent_fixture_no_hysteresis_memory,hinge,unknown,hinge,pivot_rotate,0.47285,1,0.17000,1,1,0,0,1,0.80300,1.78785,0.68695,0.09800,0.00,0.01579,0.22709,0.47285,0.18608,0.07360,0.02460
2,7006,combined_fixture_stress_2_7006_hinge,combined_fixture_stress,latent_fixture_no_particle_refinement,hinge,unknown,clamp,release_clamp_pull,0.39967,0,0.68000,0,0,1,1,1,0.13200,2.72270,0.01664,0.00028,0.00,0.01531,0.39967,0.25853,0.20395,0.08132,0.04122
2,7006,combined_fixture_stress_2_7006_hinge,combined_fixture_stress,latent_fixture_no_safety_margin,hinge,unknown,hinge,direct_translate,0.43586,1,0.11000,1,1,0,1,0,0.80900,2.48575,0.10433,0.80223,0.00,0.01344,0.28424,0.43586,0.15876,0.06275,0.04494
3,7000,combined_fixture_stress_3_7000_suction,combined_fixture_stress,latent_fixture_full,suction,unknown,suction,peel_then_translate,0.76668,1,0.11000,1,1,0,0,0,0.68900,1.82362,0.76540,0.05504,0.00,0.00450,0.08382,0.06059,0.03152,0.76668,0.05289
3,7000,combined_fixture_stress_3_7000_suction,combined_fixture_stress,latent_fixture_no_torque_features,suction,unknown,suction,peel_then_translate,0.72296,1,0.17000,1,1,0,0,0,0.68300,1.82572,0.72494,0.07566,0.00,0.01495,0.10528,0.03084,0.05162,0.72296,0.07435
3,7000,combined_fixture_stress_3_7000_suction,combined_fixture_stress,latent_fixture_no_compliance_anisotropy,suction,unknown,suction,peel_then_translate,0.77410,1,0.17000,1,1,0,0,0,0.68300,1.82572,0.73619,0.06960,0.00,0.00417,0.08756,0.06111,0.01697,0.77410,0.05609
3,7000,combined_fixture_stress_3_7000_suction,combined_fixture_stress,latent_fixture_no_release_cues,suction,unknown,clamp,release_clamp_pull,0.44453,0,0.74000,0,0,1,0,0,0.12600,2.02067,0.01689,0.00029,0.00,0.01076,0.44453,0.18909,0.10376,0.06190,0.18996
3,7000,combined_fixture_stress_3_7000_suction,combined_fixture_stress,latent_fixture_no_hysteresis_memory,suction,unknown,suction,peel_then_translate,0.74048,1,0.17000,1,1,0,0,0,0.68300,1.82572,0.72879,0.07355,0.00,0.00914,0.05608,0.12297,0.04584,0.74048,0.02550
3,7000,combined_fixture_stress_3_7000_suction,combined_fixture_stress,latent_fixture_no_particle_refinement,suction,unknown,suction,peel_then_translate,0.87415,1,0.11000,0,0,1,0,0,0.06900,2.04062,0.77557,0.60151,0.00,0.00110,0.06457,0.01931,0.01239,0.87415,0.02847
3,7000,combined_fixture_stress_3_7000_suction,combined_fixture_stress,latent_fixture_no_safety_margin,suction,unknown,suction,peel_then_translate,0.76668,1,0.11000,1,1,0,1,0,0.68900,2.52362,0.75138,0.06181,0.00,0.00450,0.08382,0.06059,0.03152,0.76668,0.05289
3,7001,combined_fixture_stress_3_7001_tether,combined_fixture_stress,latent_fixture_full,tether,unknown,tether,unwind_tether,0.35597,1,0.11000,0,0,1,0,0,0.06900,2.13632,0.65484,0.42881,0.00,0.01008,0.33693,0.07242,0.14439,0.08021,0.35597
3,7001,combined_fixture_stress_3_7001_tether,combined_fixture_stress,latent_fixture_no_torque_features,tether,unknown,clamp,release_clamp_pull,0.36455,0,0.74000,0,0,1,1,0,0.12600,2.81637,0.01644,0.00027,0.00,0.02531,0.36455,0.05090,0.16279,0.10052,0.29593
3,7001,combined_fixture_stress_3_7001_tether,combined_fixture_stress,latent_fixture_no_compliance_anisotropy,tether,unknown,tether,unwind_tether,0.40366,1,0.17000,1,1,0,0,0,0.68300,1.92142,0.63801,0.13103,0.00,0.01237,0.38831,0.07443,0.02794,0.09330,0.40366
3,7001,combined_fixture_stress_3_7001_tether,combined_fixture_stress,latent_fixture_no_release_cues,tether,unknown,tether,unwind_tether,0.36615,1,0.17000,1,1,0,0,0,0.68300,1.92142,0.62997,0.13692,0.00,0.01040,0.35072,0.07409,0.14972,0.04893,0.36615
3,7001,combined_fixture_stress_3_7001_tether,combined_fixture_stress,latent_fixture_no_hysteresis_memory,tether,unknown,clamp,release_clamp_pull,0.31745,0,0.74000,0,0,1,0,0,0.12600,2.11637,0.01618,0.00026,0.00,0.02677,0.31745,0.17403,0.29001,0.10877,0.08297
3,7001,combined_fixture_stress_3_7001_tether,combined_fixture_stress,latent_fixture_no_particle_refinement,tether,unknown,clamp,release_clamp_pull,0.43556,0,0.68000,0,0,1,1,0,0.13200,2.81427,0.01684,0.00028,0.00,0.00912,0.43556,0.04615,0.15703,0.05824,0.29390
3,7001,combined_fixture_stress_3_7001_tether,combined_fixture_stress,latent_fixture_no_safety_margin,tether,unknown,tether,direct_translate,0.35597,1,0.11000,1,1,0,1,0,0.80900,2.57732,0.16713,0.69367,0.00,0.01008,0.33693,0.07242,0.14439,0.08021,0.35597
3,7002,combined_fixture_stress_3_7002_free,combined_fixture_stress,latent_fixture_full,free,unknown,free,direct_translate,0.36592,1,0.11000,1,1,0,0,0,0.80900,1.76006,0.78043,0.04821,0.00,0.36592,0.14240,0.10892,0.12849,0.11162,0.14266
3,7002,combined_fixture_stress_3_7002_free,combined_fixture_stress,latent_fixture_no_torque_features,free,unknown,free,direct_translate,0.21227,1,0.17000,1,1,0,0,0,0.80300,1.76216,0.71389,0.08186,0.00,0.21227,0.17918,0.06936,0.17599,0.15559,0.20760
3,7002,combined_fixture_stress_3_7002_free,combined_fixture_stress,latent_fixture_no_compliance_anisotropy,free,unknown,free,direct_translate,0.25474,1,0.17000,0,0,1,0,0,0.18300,1.97916,0.72478,0.52530,0.00,0.25474,0.17105,0.16857,0.06140,0.13969,0.20455
3,7002,combined_fixture_stress_3_7002_free,combined_fixture_stress,latent_fixture_no_release_cues,free,unknown,free,direct_translate,0.37795,1,0.17000,1,1,0,0,0,0.80300,1.76216,0.75637,0.05935,0.00,0.37795,0.16187,0.12317,0.14596,0.02972,0.16133
3,7002,combined_fixture_stress_3_7002_free,combined_fixture_stress,latent_fixture_no_hysteresis_memory,free,unknown,free,direct_translate,0.39250,1,0.17000,0,0,1,0,0,0.18300,1.97916,0.76010,0.57776,0.00,0.39250,0.12109,0.13855,0.16480,0.14339,0.03967
3,7002,combined_fixture_stress_3_7002_free,combined_fixture_stress,latent_fixture_no_particle_refinement,free,unknown,clamp,release_clamp_pull,0.20209,0,0.68000,0,0,1,1,1,0.13200,2.69701,0.01553,0.00024,0.00,0.12378,0.20209,0.14763,0.17677,0.15621,0.19353
3,7002,combined_fixture_stress_3_7002_free,combined_fixture_stress,latent_fixture_no_safety_margin,free,unknown,free,direct_translate,0.36592,1,0.11000,0,0,1,0,0,0.18900,1.97706,0.76809,0.58997,0.00,0.36592,0.14240,0.10892,0.12849,0.11162,0.14266
3,7003,combined_fixture_stress_3_7003_clamp,combined_fixture_stress,latent_fixture_full,clamp,clamp,suction,peel_then_translate,0.49573,0,0.68000,0,0,1,0,1,0.01200,2.06676,0.02396,0.00057,0.00,0.00146,0.33108,0.02429,0.01204,0.49573,0.13539
3,7003,combined_fixture_stress_3_7003_clamp,combined_fixture_stress,latent_fixture_no_torque_features,clamp,clamp,suction,peel_then_translate,0.53274,0,0.74000,0,0,1,1,0,0.00600,2.76886,0.01738,0.00030,0.00,0.01199,0.23073,0.03248,0.03506,0.53274,0.15700
3,7003,combined_fixture_stress_3_7003_clamp,combined_fixture_stress,latent_fixture_no_compliance_anisotropy,clamp,clamp,suction,peel_then_translate,0.50803,0,0.74000,0,0,1,1,0,0.00600,2.76886,0.01724,0.00030,0.00,0.00182,0.31411,0.02586,0.00586,0.50803,0.14432
3,7003,combined_fixture_stress_3_7003_clamp,combined_fixture_stress,latent_fixture_no_release_cues,clamp,clamp,clamp,release_clamp_pull,0.55055,1,0.17000,1,0,0,0,0,0.80300,1.78991,0.67826,0.10352,0.00,0.00304,0.55055,0.05455,0.02750,0.02894,0.33541
3,7003,combined_fixture_stress_3_7003_clamp,combined_fixture_stress,latent_fixture_no_hysteresis_memory,clamp,clamp,suction,peel_then_translate,0.67172,0,0.74000,0,0,1,1,0,0.00600,2.76886,0.01816,0.00033,0.00,0.00409,0.16002,0.08257,0.03967,0.67172,0.04194
3,7003,combined_fixture_stress_3_7003_clamp,combined_fixture_stress,latent_fixture_no_particle_refinement,clamp,clamp,suction,peel_then_translate,0.64661,0,0.68000,0,0,1,1,1,0.01200,2.76676,0.01802,0.00032,0.00,0.00089,0.19853,0.02038,0.01024,0.64661,0.12335
3,7003,combined_fixture_stress_3_7003_clamp,combined_fixture_stress,latent_fixture_no_safety_margin,clamp,clamp,suction,direct_translate,0.49573,0,0.68000,0,0,1,1,0,0.13200,2.72476,0.01718,0.00030,0.00,0.00146,0.33108,0.02429,0.01204,0.49573,0.13539
3,7004,combined_fixture_stress_3_7004_hinge,combined_fixture_stress,latent_fixture_full,hinge,unknown,hinge,pivot_rotate,0.43651,1,0.11000,1,1,0,0,0,0.80900,1.65417,0.70654,0.08612,0.00,0.02422,0.28447,0.43651,0.09917,0.08920,0.06642
3,7004,combined_fixture_stress_3_7004_hinge,combined_fixture_stress,latent_fixture_no_torque_features,hinge,unknown,clamp,release_clamp_pull,0.43423,0,0.74000,0,0,1,0,1,0.12600,1.89322,0.01683,0.00028,0.00,0.04725,0.43423,0.07219,0.16424,0.16221,0.11988
3,7004,combined_fixture_stress_3_7004_hinge,combined_fixture_stress,latent_fixture_no_compliance_anisotropy,hinge,unknown,hinge,pivot_rotate,0.45285,1,0.17000,1,1,0,0,0,0.80300,1.65627,0.68243,0.10085,0.00,0.02750,0.31181,0.45285,0.03508,0.09893,0.07383
3,7004,combined_fixture_stress_3_7004_hinge,combined_fixture_stress,latent_fixture_no_release_cues,hinge,unknown,hinge,pivot_rotate,0.45726,1,0.17000,1,1,0,0,0,0.80300,1.65627,0.68343,0.10022,0.00,0.02551,0.30772,0.45726,0.10589,0.03381,0.06981
3,7004,combined_fixture_stress_3_7004_hinge,combined_fixture_stress,latent_fixture_no_hysteresis_memory,hinge,unknown,hinge,pivot_rotate,0.49320,1,0.17000,1,1,0,0,0,0.80300,1.65627,0.69154,0.09515,0.00,0.02881,0.23007,0.49320,0.10946,0.09969,0.03878
3,7004,combined_fixture_stress_3_7004_hinge,combined_fixture_stress,latent_fixture_no_particle_refinement,hinge,unknown,clamp,release_clamp_pull,0.39267,0,0.68000,0,0,1,1,0,0.13200,2.59112,0.01660,0.00028,0.00,0.02066,0.39267,0.32818,0.10357,0.10073,0.05418
3,7004,combined_fixture_stress_3_7004_hinge,combined_fixture_stress,latent_fixture_no_safety_margin,hinge,unknown,hinge,direct_translate,0.43651,1,0.11000,0,0,1,1,0,0.18900,2.57117,0.10435,0.01089,0.00,0.02422,0.28447,0.43651,0.09917,0.08920,0.06642
3,7005,combined_fixture_stress_3_7005_slot,combined_fixture_stress,latent_fixture_full,slot,free,clamp,release_clamp_pull,0.53554,0,0.68000,0,0,1,1,0,0.13200,2.96265,0.02427,0.00059,0.00,0.02054,0.53554,0.05358,0.26037,0.07432,0.05565
3,7005,combined_fixture_stress_3_7005_slot,combined_fixture_stress,latent_fixture_no_torque_features,slot,free,clamp,release_clamp_pull,0.57940,0,0.74000,0,0,1,0,0,0.12600,2.26475,0.01764,0.00031,0.00,0.04050,0.57940,0.05568,0.13618,0.10398,0.08427
3,7005,combined_fixture_stress_3_7005_slot,combined_fixture_stress,latent_fixture_no_compliance_anisotropy,slot,free,clamp,release_clamp_pull,0.58017,0,0.74000,0,0,1,1,0,0.12600,2.96475,0.01765,0.00031,0.00,0.02887,0.58017,0.06451,0.15655,0.09399,0.07591
3,7005,combined_fixture_stress_3_7005_slot,combined_fixture_stress,latent_fixture_no_release_cues,slot,free,clamp,release_clamp_pull,0.56404,0,0.74000,0,0,1,0,1,0.12600,2.26475,0.01756,0.00031,0.00,0.02135,0.56404,0.05554,0.26456,0.03742,0.05709
3,7005,combined_fixture_stress_3_7005_slot,combined_fixture_stress,latent_fixture_no_hysteresis_memory,slot,free,clamp,release_clamp_pull,0.49237,0,0.74000,1,1,0,0,0,0.74600,2.04775,0.01716,0.96598,0.00,0.02643,0.49237,0.06720,0.28189,0.09207,0.04003
3,7005,combined_fixture_stress_3_7005_slot,combined_fixture_stress,latent_fixture_no_particle_refinement,slot,free,clamp,release_clamp_pull,0.75039,0,0.68000,0,0,1,0,0,0.13200,2.26265,0.01860,0.00035,0.00,0.02036,0.75039,0.04876,0.07937,0.06764,0.03348
3,7005,combined_fixture_stress_3_7005_slot,combined_fixture_stress,latent_fixture_no_safety_margin,slot,free,clamp,release_clamp_pull,0.53554,0,0.68000,0,0,1,1,1,0.13200,2.96265,0.01740,0.00030,0.00,0.02054,0.53554,0.05358,0.26037,0.07432,0.05565
3,7006,combined_fixture_stress_3_7006_suction,combined_fixture_stress,latent_fixture_full,suction,clamp,suction,peel_then_translate,0.69230,1,0.11000,1,1,0,0,0,0.68900,1.76280,0.74835,0.06333,0.00,0.00179,0.17197,0.01959,0.05813,0.69230,0.05623
3,7006,combined_fixture_stress_3_7006_suction,combined_fixture_stress,latent_fixture_no_torque_features,suction,clamp,suction,peel_then_translate,0.64579,1,0.17000,0,0,1,0,0,0.06300,1.98190,0.70796,0.50120,0.00,0.01351,0.15375,0.03482,0.07419,0.64579,0.07794
3,7006,combined_fixture_stress_3_7006_suction,combined_fixture_stress,latent_fixture_no_compliance_anisotropy,suction,clamp,suction,peel_then_translate,0.75356,1,0.17000,1,0,0,0,0,0.68300,1.76490,0.73167,0.07200,0.00,0.00185,0.15764,0.01617,0.01141,0.75356,0.05937
3,7006,combined_fixture_stress_3_7006_suction,combined_fixture_stress,latent_fixture_no_release_cues,suction,clamp,clamp,release_clamp_pull,0.53301,0,0.74000,0,0,1,1,0,0.12600,2.65985,0.01738,0.00030,0.00,0.00445,0.53301,0.05180,0.18871,0.04840,0.17363
3,7006,combined_fixture_stress_3_7006_suction,combined_fixture_stress,latent_fixture_no_hysteresis_memory,suction,clamp,suction,peel_then_translate,0.70334,1,0.17000,1,1,0,0,0,0.68300,1.76490,0.72062,0.07805,0.00,0.00393,0.10677,0.04805,0.10840,0.70334,0.02951
3,7006,combined_fixture_stress_3_7006_suction,combined_fixture_stress,latent_fixture_no_particle_refinement,suction,clamp,suction,peel_then_translate,0.80045,1,0.11000,1,1,0,0,0,0.68900,1.76280,0.75898,0.05809,0.00,0.00099,0.12488,0.00746,0.03778,0.80045,0.02844
3,7006,combined_fixture_stress_3_7006_suction,combined_fixture_stress,latent_fixture_no_safety_margin,suction,clamp,suction,peel_then_translate,0.69230,1,0.11000,1,1,0,0,0,0.68900,1.76280,0.73464,0.07042,0.00,0.00179,0.17197,0.01959,0.05813,0.69230,0.05623
4,7000,combined_fixture_stress_4_7000_free,combined_fixture_stress,latent_fixture_full,free,unknown,free,direct_translate,0.34079,1,0.11000,1,1,0,0,0,0.80900,1.82984,0.77375,0.05119,0.00,0.34079,0.13866,0.12172,0.15424,0.11118,0.13340
4,7000,combined_fixture_stress_4_7000_free,combined_fixture_stress,latent_fixture_no_torque_features,free,unknown,slot,follow_slot_axis,0.20364,0,0.74000,0,0,1,0,1,0.12600,2.06889,0.01554,0.00024,0.00,0.17362,0.19157,0.06449,0.20364,0.16946,0.19721
4,7000,combined_fixture_stress_4_7000_free,combined_fixture_stress,latent_fixture_no_compliance_anisotropy,free,unknown,free,direct_translate,0.22286,1,0.17000,1,0,0,0,0,0.80300,1.83194,0.71660,0.08032,0.00,0.22286,0.17613,0.19077,0.06083,0.14619,0.20321
4,7000,combined_fixture_stress_4_7000_free,combined_fixture_stress,latent_fixture_no_release_cues,free,unknown,free,direct_translate,0.35202,1,0.17000,1,1,0,0,0,0.80300,1.83194,0.74972,0.06264,0.00,0.35202,0.15708,0.13676,0.17493,0.02964,0.14958
4,7000,combined_fixture_stress_4_7000_free,combined_fixture_stress,latent_fixture_no_hysteresis_memory,free,unknown,free,direct_translate,0.36045,1,0.17000,1,1,0,0,0,0.80300,1.83194,0.75189,0.06156,0.00,0.36045,0.11504,0.15000,0.19244,0.13872,0.04335
4,7000,combined_fixture_stress_4_7000_free,combined_fixture_stress,latent_fixture_no_particle_refinement,free,unknown,slot,follow_slot_axis,0.20791,0,0.68000,0,0,1,1,1,0.13200,2.76679,0.01556,0.00024,0.00,0.11488,0.19534,0.15859,0.20791,0.15271,0.17057
4,7000,combined_fixture_stress_4_7000_free,combined_fixture_stress,latent_fixture_no_safety_margin,free,unknown,free,direct_translate,0.34079,1,0.11000,1,1,0,0,0,0.80900,1.82984,0.76152,0.05687,0.00,0.34079,0.13866,0.12172,0.15424,0.11118,0.13340
4,7001,combined_fixture_stress_4_7001_clamp,combined_fixture_stress,latent_fixture_full,clamp,slot,clamp,release_clamp_pull,0.34419,1,0.11000,1,0,0,0,0,0.80900,1.94345,0.66036,0.11535,0.00,0.00174,0.34419,0.03382,0.07816,0.23849,0.30361
4,7001,combined_fixture_stress_4_7001_clamp,combined_fixture_stress,latent_fixture_no_torque_features,clamp,slot,clamp,release_clamp_pull,0.32716,1,0.17000,1,1,0,0,0,0.80300,1.94555,0.62972,0.13710,0.00,0.00896,0.32716,0.02728,0.09460,0.25922,0.28278
4,7001,combined_fixture_stress_4_7001_clamp,combined_fixture_stress,latent_fixture_no_compliance_anisotropy,clamp,slot,clamp,release_clamp_pull,0.37070,1,0.17000,1,1,0,0,0,0.80300,1.94555,0.63918,0.13019,0.00,0.00205,0.37070,0.03499,0.01351,0.25639,0.32237
4,7001,combined_fixture_stress_4_7001_clamp,combined_fixture_stress,latent_fixture_no_release_cues,clamp,slot,clamp,release_clamp_pull,0.46410,1,0.17000,1,1,0,0,0,0.80300,1.94555,0.65948,0.11596,0.00,0.00200,0.46410,0.04109,0.08880,0.05094,0.35307
4,7001,combined_fixture_stress_4_7001_clamp,combined_fixture_stress,latent_fixture_no_hysteresis_memory,clamp,slot,suction,peel_then_translate,0.38474,0,0.74000,0,0,1,1,1,0.00600,2.92450,0.01655,0.00027,0.00,0.00516,0.24630,0.13694,0.17628,0.38474,0.05059
4,7001,combined_fixture_stress_4_7001_clamp,combined_fixture_stress,latent_fixture_no_particle_refinement,clamp,slot,clamp,release_clamp_pull,0.32692,1,0.11000,1,1,0,0,0,0.80900,1.94345,0.64428,0.12654,0.00,0.00157,0.32692,0.02308,0.09227,0.25259,0.30356
4,7001,combined_fixture_stress_4_7001_clamp,combined_fixture_stress,latent_fixture_no_safety_margin,clamp,slot,clamp,direct_translate,0.34419,1,0.11000,0,0,1,1,1,0.18900,2.86045,0.06033,0.00364,0.00,0.00174,0.34419,0.03382,0.07816,0.23849,0.30361
4,7002,combined_fixture_stress_4_7002_hinge,combined_fixture_stress,latent_fixture_full,hinge,hinge,hinge,pivot_rotate,0.54196,1,0.11000,0,0,1,0,0,0.18900,1.87006,0.73131,0.53481,0.00,0.01095,0.22414,0.54196,0.12453,0.05665,0.04178
4,7002,combined_fixture_stress_4_7002_hinge,combined_fixture_stress,latent_fixture_no_torque_features,hinge,hinge,clamp,release_clamp_pull,0.41792,0,0.74000,0,0,1,1,0,0.12600,2.59211,0.01674,0.00028,0.00,0.03343,0.41792,0.07283,0.22773,0.14424,0.10384
4,7002,combined_fixture_stress_4_7002_hinge,combined_fixture_stress,latent_fixture_no_compliance_anisotropy,hinge,hinge,hinge,pivot_rotate,0.58092,1,0.17000,1,1,0,0,0,0.80300,1.65516,0.71133,0.08333,0.00,0.01421,0.26645,0.58092,0.01680,0.06853,0.05310
4,7002,combined_fixture_stress_4_7002_hinge,combined_fixture_stress,latent_fixture_no_release_cues,hinge,hinge,hinge,pivot_rotate,0.55991,1,0.17000,1,1,0,0,0,0.80300,1.65516,0.70659,0.08609,0.00,0.01148,0.23656,0.55991,0.13198,0.01683,0.04325
4,7002,combined_fixture_stress_4_7002_hinge,combined_fixture_stress,latent_fixture_no_hysteresis_memory,hinge,hinge,hinge,pivot_rotate,0.58482,1,0.17000,1,1,0,0,0,0.80300,1.65516,0.71221,0.08282,0.00,0.01230,0.17297,0.58482,0.14125,0.06401,0.02465
4,7002,combined_fixture_stress_4_7002_hinge,combined_fixture_stress,latent_fixture_no_particle_refinement,hinge,hinge,hinge,pivot_rotate,0.40960,1,0.11000,1,1,0,0,0,0.80900,1.65306,0.68770,0.09753,0.00,0.01259,0.31048,0.40960,0.16133,0.07166,0.03433
4,7002,combined_fixture_stress_4_7002_hinge,combined_fixture_stress,latent_fixture_no_safety_margin,hinge,hinge,hinge,pivot_rotate,0.54196,1,0.11000,1,1,0,0,0,0.80900,1.65306,0.71823,0.07939,0.00,0.01095,0.22414,0.54196,0.12453,0.05665,0.04178
4,7003,combined_fixture_stress_4_7003_slot,combined_fixture_stress,latent_fixture_full,slot,unknown,clamp,release_clamp_pull,0.59360,0,0.68000,0,0,1,1,0,0.13200,2.81033,0.02473,0.00061,0.00,0.00640,0.59360,0.05127,0.27410,0.04223,0.03239
4,7003,combined_fixture_stress_4_7003_slot,combined_fixture_stress,latent_fixture_no_torque_features,slot,unknown,clamp,release_clamp_pull,0.64514,0,0.74000,0,0,1,0,1,0.12600,2.11243,0.01801,0.00032,0.00,0.02084,0.64514,0.03872,0.13398,0.09388,0.06744
4,7003,combined_fixture_stress_4_7003_slot,combined_fixture_stress,latent_fixture_no_compliance_anisotropy,slot,unknown,clamp,release_clamp_pull,0.65003,0,0.74000,0,0,1,1,0,0.12600,2.81243,0.01804,0.00033,0.00,0.01157,0.65003,0.08571,0.13105,0.06494,0.05669
4,7003,combined_fixture_stress_4_7003_slot,combined_fixture_stress,latent_fixture_no_release_cues,slot,unknown,clamp,release_clamp_pull,0.60931,0,0.74000,0,0,1,1,1,0.12600,2.81243,0.01781,0.00032,0.00,0.00649,0.60931,0.05181,0.27618,0.02345,0.03276
4,7003,combined_fixture_stress_4_7003_slot,combined_fixture_stress,latent_fixture_no_hysteresis_memory,slot,unknown,clamp,release_clamp_pull,0.56117,0,0.74000,0,0,1,1,1,0.12600,2.81243,0.01754,0.00031,0.00,0.00962,0.56117,0.07171,0.27367,0.05227,0.03157
4,7003,combined_fixture_stress_4_7003_slot,combined_fixture_stress,latent_fixture_no_particle_refinement,slot,unknown,clamp,release_clamp_pull,0.84003,0,0.68000,0,0,1,0,0,0.13200,2.11033,0.01910,0.00036,0.00,0.00452,0.84003,0.02448,0.08024,0.03411,0.01662
4,7003,combined_fixture_stress_4_7003_slot,combined_fixture_stress,latent_fixture_no_safety_margin,slot,unknown,clamp,release_clamp_pull,0.59360,0,0.68000,0,0,1,1,1,0.13200,2.81033,0.01772,0.00031,0.00,0.00640,0.59360,0.05127,0.27410,0.04223,0.03239
4,7004,combined_fixture_stress_4_7004_suction,combined_fixture_stress,latent_fixture_full,suction,clamp,suction,peel_then_translate,0.73088,1,0.11000,1,1,0,0,0,0.68900,1.92870,0.75719,0.05895,0.00,0.00272,0.14883,0.02076,0.04638,0.73088,0.05042
4,7004,combined_fixture_stress_4_7004_suction,combined_fixture_stress,latent_fixture_no_torque_features,suction,clamp,suction,peel_then_translate,0.66663,1,0.17000,1,1,0,0,0,0.68300,1.93080,0.71254,0.08263,0.00,0.01183,0.17377,0.02439,0.05426,0.66663,0.06912
4,7004,combined_fixture_stress_4_7004_suction,combined_fixture_stress,latent_fixture_no_compliance_anisotropy,suction,clamp,suction,peel_then_translate,0.74176,1,0.17000,1,1,0,0,0,0.68300,1.93080,0.72907,0.07340,0.00,0.00299,0.16776,0.02112,0.01340,0.74176,0.05297
4,7004,combined_fixture_stress_4_7004_suction,combined_fixture_stress,latent_fixture_no_release_cues,suction,clamp,clamp,release_clamp_pull,0.55352,0,0.74000,0,0,1,1,1,0.12600,2.82575,0.01750,0.00031,0.00,0.00658,0.55352,0.05894,0.15710,0.05944,0.16441
4,7004,combined_fixture_stress_4_7004_suction,combined_fixture_stress,latent_fixture_no_hysteresis_memory,suction,clamp,suction,peel_then_translate,0.73217,1,0.17000,0,0,1,0,0,0.06300,2.14780,0.72696,0.52847,0.00,0.00639,0.10631,0.04711,0.07780,0.73217,0.03022
4,7004,combined_fixture_stress_4_7004_suction,combined_fixture_stress,latent_fixture_no_particle_refinement,suction,clamp,suction,peel_then_translate,0.80778,1,0.11000,1,1,0,0,1,0.68900,1.92870,0.76063,0.05730,0.00,0.00106,0.12981,0.00766,0.02694,0.80778,0.02674
4,7004,combined_fixture_stress_4_7004_suction,combined_fixture_stress,latent_fixture_no_safety_margin,suction,clamp,suction,peel_then_translate,0.73088,1,0.11000,1,1,0,0,0,0.68900,1.92870,0.74332,0.06588,0.00,0.00272,0.14883,0.02076,0.04638,0.73088,0.05042
4,7005,combined_fixture_stress_4_7005_tether,combined_fixture_stress,latent_fixture_full,tether,clamp,clamp,release_clamp_pull,0.44335,0,0.68000,0,0,1,0,0,0.13200,2.13865,0.02355,0.00055,0.00,0.00774,0.44335,0.10995,0.09130,0.05052,0.29714
4,7005,combined_fixture_stress_4_7005_tether,combined_fixture_stress,latent_fixture_no_torque_features,tether,clamp,clamp,release_clamp_pull,0.50838,0,0.74000,0,0,1,0,1,0.12600,2.14075,0.01725,0.00030,0.00,0.02089,0.50838,0.03691,0.11273,0.09137,0.22972
4,7005,combined_fixture_stress_4_7005_tether,combined_fixture_stress,latent_fixture_no_compliance_anisotropy,tether,clamp,clamp,release_clamp_pull,0.48567,0,0.74000,0,0,1,0,0,0.12600,2.14075,0.01712,0.00029,0.00,0.00812,0.48567,0.10825,0.01462,0.05066,0.33268
4,7005,combined_fixture_stress_4_7005_tether,combined_fixture_stress,latent_fixture_no_release_cues,tether,clamp,clamp,release_clamp_pull,0.45424,0,0.74000,0,0,1,1,1,0.12600,2.84075,0.01694,0.00029,0.00,0.00786,0.45424,0.11155,0.09338,0.03143,0.30154
4,7005,combined_fixture_stress_4_7005_tether,combined_fixture_stress,latent_fixture_no_hysteresis_memory,tether,clamp,clamp,release_clamp_pull,0.40231,0,0.74000,0,0,1,1,1,0.12600,2.84075,0.01665,0.00028,0.00,0.01886,0.40231,0.26776,0.18138,0.06643,0.06326
4,7005,combined_fixture_stress_4_7005_tether,combined_fixture_stress,latent_fixture_no_particle_refinement,tether,clamp,clamp,release_clamp_pull,0.58140,0,0.68000,0,0,1,1,1,0.13200,2.83865,0.01766,0.00031,0.00,0.00537,0.58140,0.07342,0.10164,0.03555,0.20262
4,7005,combined_fixture_stress_4_7005_tether,combined_fixture_stress,latent_fixture_no_safety_margin,tether,clamp,clamp,direct_translate,0.44335,0,0.68000,0,0,1,1,1,0.13200,2.83865,0.02777,0.00077,0.00,0.00774,0.44335,0.10995,0.09130,0.05052,0.29714
4,7006,combined_fixture_stress_4_7006_free,combined_fixture_stress,latent_fixture_full,free,free,free,direct_translate,0.41335,1,0.11000,0,0,1,0,0,0.18900,2.22621,0.79303,0.62890,0.00,0.41335,0.09285,0.26731,0.08316,0.07420,0.06913
4,7006,combined_fixture_stress_4_7006_free,combined_fixture_stress,latent_fixture_no_torque_features,free,free,free,direct_translate,0.29673,1,0.17000,1,1,0,0,0,0.80300,2.01131,0.73555,0.06994,0.00,0.29673,0.16914,0.05820,0.16272,0.15653,0.15669
4,7006,combined_fixture_stress_4_7006_free,combined_fixture_stress,latent_fixture_no_compliance_anisotropy,free,free,free,direct_translate,0.33692,1,0.17000,1,1,0,0,0,0.80300,2.01131,0.74585,0.06459,0.00,0.33692,0.10581,0.32221,0.04468,0.08948,0.10090
4,7006,combined_fixture_stress_4_7006_free,combined_fixture_stress,latent_fixture_no_release_cues,free,free,free,direct_translate,0.42394,1,0.17000,1,1,0,0,0,0.80300,2.01131,0.76817,0.05375,0.00,0.42394,0.10105,0.29084,0.09054,0.01853,0.07509
4,7006,combined_fixture_stress_4_7006_free,combined_fixture_stress,latent_fixture_no_hysteresis_memory,free,free,free,direct_translate,0.43047,1,0.17000,1,1,0,0,0,0.80300,2.01131,0.76984,0.05297,0.00,0.43047,0.06952,0.30158,0.09362,0.08366,0.02116
4,7006,combined_fixture_stress_4_7006_free,combined_fixture_stress,latent_fixture_no_particle_refinement,free,free,hinge,pivot_rotate,0.37968,0,0.68000,0,0,1,0,0,0.13200,2.24616,0.01653,0.00027,0.00,0.17057,0.13233,0.37968,0.11621,0.10504,0.09617
4,7006,combined_fixture_stress_4_7006_free,combined_fixture_stress,latent_fixture_no_safety_margin,free,free,free,direct_translate,0.41335,1,0.11000,1,1,0,0,0,0.80900,2.00921,0.78050,0.04818,0.00,0.41335,0.09285,0.26731,0.08316,0.07420,0.06913
5,7000,combined_fixture_stress_5_7000_hinge,combined_fixture_stress,latent_fixture_full,hinge,unknown,clamp,release_clamp_pull,0.42807,0,0.68000,0,0,1,1,1,0.13200,2.99435,0.02343,0.00055,0.00,0.01681,0.42807,0.18611,0.18704,0.11220,0.06977
5,7000,combined_fixture_stress_5_7000_hinge,combined_fixture_stress,latent_fixture_no_torque_features,hinge,unknown,clamp,release_clamp_pull,0.51810,0,0.74000,0,0,1,0,0,0.12600,2.29645,0.01730,0.00030,0.00,0.03077,0.51810,0.07523,0.14149,0.13168,0.10273
5,7000,combined_fixture_stress_5_7000_hinge,combined_fixture_stress,latent_fixture_no_compliance_anisotropy,hinge,unknown,clamp,release_clamp_pull,0.47338,0,0.74000,0,0,1,0,0,0.12600,2.29645,0.01705,0.00029,0.00,0.02118,0.47338,0.20175,0.09248,0.12733,0.08387
5,7000,combined_fixture_stress_5_7000_hinge,combined_fixture_stress,latent_fixture_no_release_cues,hinge,unknown,clamp,release_clamp_pull,0.46201,0,0.74000,0,0,1,1,0,0.12600,2.99645,0.01699,0.00029,0.00,0.01772,0.46201,0.19505,0.19432,0.05815,0.07275
5,7000,combined_fixture_stress_5_7000_hinge,combined_fixture_stress,latent_fixture_no_hysteresis_memory,hinge,unknown,clamp,release_clamp_pull,0.37649,0,0.74000,0,0,1,1,1,0.12600,2.99645,0.01651,0.00027,0.00,0.02233,0.37649,0.23922,0.18221,0.12289,0.05685
5,7000,combined_fixture_stress_5_7000_hinge,combined_fixture_stress,latent_fixture_no_particle_refinement,hinge,unknown,clamp,release_clamp_pull,0.59620,0,0.68000,0,0,1,1,1,0.13200,2.99435,0.01774,0.00031,0.00,0.01471,0.59620,0.14125,0.10436,0.09792,0.04557
5,7000,combined_fixture_stress_5_7000_hinge,combined_fixture_stress,latent_fixture_no_safety_margin,hinge,unknown,clamp,direct_translate,0.42807,0,0.68000,0,0,1,1,1,0.13200,2.99435,0.01680,0.00028,0.00,0.01681,0.42807,0.18611,0.18704,0.11220,0.06977
5,7001,combined_fixture_stress_5_7001_slot,combined_fixture_stress,latent_fixture_full,slot,unknown,clamp,release_clamp_pull,0.59695,0,0.68000,0,0,1,0,1,0.13200,2.01938,0.02475,0.00061,0.00,0.01984,0.59695,0.05607,0.23388,0.05569,0.03757
5,7001,combined_fixture_stress_5_7001_slot,combined_fixture_stress,latent_fixture_no_torque_features,slot,unknown,clamp,release_clamp_pull,0.64363,0,0.74000,0,0,1,1,0,0.12600,2.72148,0.01800,0.00032,0.00,0.03195,0.64363,0.05126,0.11866,0.08004,0.07447
5,7001,combined_fixture_stress_5_7001_slot,combined_fixture_stress,latent_fixture_no_compliance_anisotropy,slot,unknown,clamp,release_clamp_pull,0.63187,0,0.74000,0,0,1,0,0,0.12600,2.02148,0.01794,0.00032,0.00,0.01587,0.63187,0.08590,0.14341,0.06992,0.05303
5,7001,combined_fixture_stress_5_7001_slot,combined_fixture_stress,latent_fixture_no_release_cues,slot,unknown,clamp,release_clamp_pull,0.61765,0,0.74000,0,0,1,1,0,0.12600,2.72148,0.01786,0.00032,0.00,0.02010,0.61765,0.05718,0.23692,0.02993,0.03822
5,7001,combined_fixture_stress_5_7001_slot,combined_fixture_stress,latent_fixture_no_hysteresis_memory,slot,unknown,clamp,release_clamp_pull,0.56473,0,0.74000,0,0,1,1,1,0.12600,2.72148,0.01756,0.00031,0.00,0.02360,0.56473,0.06916,0.24380,0.06821,0.03051
5,7001,combined_fixture_stress_5_7001_slot,combined_fixture_stress,latent_fixture_no_particle_refinement,slot,unknown,clamp,release_clamp_pull,0.84248,0,0.68000,0,0,1,1,1,0.13200,2.71938,0.01912,0.00037,0.00,0.00591,0.84248,0.03500,0.05411,0.04353,0.01897
5,7001,combined_fixture_stress_5_7001_slot,combined_fixture_stress,latent_fixture_no_safety_margin,slot,unknown,clamp,release_clamp_pull,0.59695,0,0.68000,0,0,1,1,1,0.13200,2.71938,0.01774,0.00031,0.00,0.01984,0.59695,0.05607,0.23388,0.05569,0.03757
5,7002,combined_fixture_stress_5_7002_suction,combined_fixture_stress,latent_fixture_full,suction,tether,suction,peel_then_translate,0.53725,1,0.11000,0,0,1,0,0,0.06900,2.07247,0.71279,0.50808,0.00,0.00762,0.21164,0.03263,0.02238,0.53725,0.18847
5,7002,combined_fixture_stress_5_7002_suction,combined_fixture_stress,latent_fixture_no_torque_features,suction,tether,suction,peel_then_translate,0.52521,1,0.17000,1,1,0,0,0,0.68300,1.85757,0.68142,0.10149,0.00,0.01981,0.18659,0.04443,0.03556,0.52521,0.18840
5,7002,combined_fixture_stress_5_7002_suction,combined_fixture_stress,latent_fixture_no_compliance_anisotropy,suction,tether,suction,peel_then_translate,0.52691,1,0.17000,1,1,0,0,0,0.68300,1.85757,0.68179,0.10125,0.00,0.00429,0.24389,0.03374,0.01088,0.52691,0.18029
5,7002,combined_fixture_stress_5_7002_suction,combined_fixture_stress,latent_fixture_no_release_cues,suction,tether,tether,unwind_tether,0.42325,0,0.74000,0,0,1,0,1,0.00600,2.09452,0.01677,0.00028,0.00,0.01295,0.41791,0.06304,0.04491,0.03794,0.42325
5,7002,combined_fixture_stress_5_7002_suction,combined_fixture_stress,latent_fixture_no_hysteresis_memory,suction,tether,suction,peel_then_translate,0.69634,1,0.17000,1,1,0,0,0,0.68300,1.85757,0.71908,0.07892,0.00,0.01369,0.12327,0.06405,0.04903,0.69634,0.05361
5,7002,combined_fixture_stress_5_7002_suction,combined_fixture_stress,latent_fixture_no_particle_refinement,suction,tether,suction,peel_then_translate,0.66219,1,0.11000,0,0,1,0,0,0.06900,2.07247,0.72786,0.52978,0.00,0.00213,0.14377,0.01567,0.01263,0.66219,0.16361
5,7002,combined_fixture_stress_5_7002_suction,combined_fixture_stress,latent_fixture_no_safety_margin,suction,tether,suction,peel_then_translate,0.53725,1,0.11000,0,0,1,1,1,0.06900,2.77247,0.69974,0.48963,0.00,0.00762,0.21164,0.03263,0.02238,0.53725,0.18847
5,7003,combined_fixture_stress_5_7003_tether,combined_fixture_stress,latent_fixture_full,tether,unknown,tether,unwind_tether,0.43523,1,0.11000,1,1,0,0,0,0.68900,1.86646,0.67257,0.10721,0.00,0.02682,0.28183,0.07112,0.11464,0.07035,0.43523
5,7003,combined_fixture_stress_5_7003_tether,combined_fixture_stress,latent_fixture_no_torque_features,tether,unknown,tether,unwind_tether,0.39558,1,0.17000,1,1,0,0,0,0.68300,1.86856,0.63628,0.13229,0.00,0.03345,0.32234,0.05112,0.11393,0.08358,0.39558
5,7003,combined_fixture_stress_5_7003_tether,combined_fixture_stress,latent_fixture_no_compliance_anisotropy,tether,unknown,tether,unwind_tether,0.48157,1,0.17000,1,1,0,0,1,0.68300,1.86856,0.65472,0.11922,0.00,0.01866,0.31752,0.08004,0.02877,0.07344,0.48157
5,7003,combined_fixture_stress_5_7003_tether,combined_fixture_stress,latent_fixture_no_release_cues,tether,unknown,tether,unwind_tether,0.44948,1,0.17000,1,1,0,0,0,0.68300,1.86856,0.64784,0.12402,0.00,0.02732,0.29179,0.07300,0.11851,0.03990,0.44948
5,7003,combined_fixture_stress_5_7003_tether,combined_fixture_stress,latent_fixture_no_hysteresis_memory,tether,unknown,clamp,release_clamp_pull,0.30896,0,0.74000,0,0,1,0,1,0.12600,2.06351,0.01613,0.00026,0.00,0.05584,0.30896,0.16219,0.30085,0.11756,0.05460
5,7003,combined_fixture_stress_5_7003_tether,combined_fixture_stress,latent_fixture_no_particle_refinement,tether,unknown,tether,unwind_tether,0.42068,1,0.11000,1,1,0,0,0,0.68900,1.86646,0.65674,0.11782,0.00,0.00810,0.37017,0.04789,0.10041,0.05275,0.42068
5,7003,combined_fixture_stress_5_7003_tether,combined_fixture_stress,latent_fixture_no_safety_margin,tether,unknown,tether,direct_translate,0.43523,1,0.11000,0,0,1,1,0,0.18900,2.74146,0.17166,0.02947,0.00,0.02682,0.28183,0.07112,0.11464,0.07035,0.43523
5,7004,combined_fixture_stress_5_7004_free,combined_fixture_stress,latent_fixture_full,free,unknown,free,direct_translate,0.35775,1,0.11000,1,1,0,0,0,0.80900,1.88299,0.77826,0.04917,0.00,0.35775,0.14046,0.10774,0.15481,0.12661,0.11263
5,7004,combined_fixture_stress_5_7004_free,combined_fixture_stress,latent_fixture_no_torque_features,free,unknown,free,direct_translate,0.20324,1,0.17000,1,1,0,0,0,0.80300,1.88509,0.71157,0.08319,0.00,0.20324,0.18098,0.07512,0.19806,0.16613,0.17646
5,7004,combined_fixture_stress_5_7004_free,combined_fixture_stress,latent_fixture_no_compliance_anisotropy,free,unknown,free,direct_translate,0.24425,1,0.17000,1,1,0,0,0,0.80300,1.88509,0.72209,0.07724,0.00,0.24425,0.17596,0.16328,0.07330,0.16478,0.17843
5,7004,combined_fixture_stress_5_7004_free,combined_fixture_stress,latent_fixture_no_release_cues,free,unknown,free,direct_translate,0.37239,1,0.17000,1,1,0,0,0,0.80300,1.88509,0.75495,0.06005,0.00,0.37239,0.16286,0.12431,0.17974,0.03141,0.12929
5,7004,combined_fixture_stress_5_7004_free,combined_fixture_stress,latent_fixture_no_hysteresis_memory,free,unknown,free,direct_translate,0.37818,1,0.17000,1,1,0,0,1,0.80300,1.88509,0.75643,0.05932,0.00,0.37818,0.11291,0.12970,0.18611,0.15294,0.04016
5,7004,combined_fixture_stress_5_7004_free,combined_fixture_stress,latent_fixture_no_particle_refinement,free,unknown,slot,follow_slot_axis,0.20735,0,0.68000,0,0,1,0,0,0.13200,2.11994,0.01556,0.00024,0.00,0.12549,0.19843,0.14618,0.20735,0.17562,0.14693
5,7004,combined_fixture_stress_5_7004_free,combined_fixture_stress,latent_fixture_no_safety_margin,free,unknown,free,direct_translate,0.35775,1,0.11000,1,1,0,0,1,0.80900,1.88299,0.76596,0.05478,0.00,0.35775,0.14046,0.10774,0.15481,0.12661,0.11263
5,7005,combined_fixture_stress_5_7005_clamp,combined_fixture_stress,latent_fixture_full,clamp,unknown,suction,peel_then_translate,0.51282,0,0.68000,0,0,1,1,0,0.01200,2.84888,0.02409,0.00058,0.00,0.00216,0.25969,0.01999,0.01974,0.51282,0.18560
5,7005,combined_fixture_stress_5_7005_clamp,combined_fixture_stress,latent_fixture_no_torque_features,clamp,unknown,suction,peel_then_translate,0.46835,0,0.74000,1,1,0,0,1,0.62600,1.93398,0.01702,0.96624,0.00,0.01010,0.24469,0.03591,0.03383,0.46835,0.20711
5,7005,combined_fixture_stress_5_7005_clamp,combined_fixture_stress,latent_fixture_no_compliance_anisotropy,clamp,unknown,suction,peel_then_translate,0.53061,0,0.74000,0,0,1,0,1,0.00600,2.15098,0.01737,0.00030,0.00,0.00214,0.24692,0.01970,0.01298,0.53061,0.18764
5,7005,combined_fixture_stress_5_7005_clamp,combined_fixture_stress,latent_fixture_no_release_cues,clamp,unknown,clamp,release_clamp_pull,0.49152,1,0.17000,1,1,0,0,0,0.80300,1.87203,0.66543,0.11194,0.00,0.00392,0.49152,0.03727,0.03892,0.07290,0.35546
5,7005,combined_fixture_stress_5_7005_clamp,combined_fixture_stress,latent_fixture_no_hysteresis_memory,clamp,unknown,suction,peel_then_translate,0.67798,0,0.74000,0,0,1,0,1,0.00600,2.15098,0.01820,0.00033,0.00,0.00633,0.15683,0.05613,0.06204,0.67798,0.04069
5,7005,combined_fixture_stress_5_7005_clamp,combined_fixture_stress,latent_fixture_no_particle_refinement,clamp,unknown,suction,peel_then_translate,0.56684,0,0.68000,0,0,1,1,0,0.01200,2.84888,0.01757,0.00031,0.00,0.00133,0.21555,0.01603,0.01058,0.56684,0.18967
5,7005,combined_fixture_stress_5_7005_clamp,combined_fixture_stress,latent_fixture_no_safety_margin,clamp,unknown,suction,peel_then_translate,0.51282,0,0.68000,0,0,1,0,1,0.01200,2.14888,0.01727,0.00030,0.00,0.00216,0.25969,0.01999,0.01974,0.51282,0.18560
5,7006,combined_fixture_stress_5_7006_hinge,combined_fixture_stress,latent_fixture_full,hinge,slot,hinge,pivot_rotate,0.34123,1,0.11000,1,1,0,0,0,0.80900,1.88543,0.68416,0.09976,0.00,0.02057,0.26447,0.34123,0.23719,0.08323,0.05332
5,7006,combined_fixture_stress_5_7006_hinge,combined_fixture_stress,latent_fixture_no_torque_features,hinge,slot,clamp,release_clamp_pull,0.38014,0,0.74000,0,0,1,1,1,0.12600,2.82448,0.01653,0.00027,0.00,0.03481,0.38014,0.06960,0.29242,0.12564,0.09738
5,7006,combined_fixture_stress_5_7006_hinge,combined_fixture_stress,latent_fixture_no_compliance_anisotropy,hinge,slot,hinge,pivot_rotate,0.39988,1,0.17000,1,1,0,0,0,0.80300,1.88753,0.67048,0.10858,0.00,0.02664,0.33937,0.39988,0.06458,0.10266,0.06687
5,7006,combined_fixture_stress_5_7006_hinge,combined_fixture_stress,latent_fixture_no_release_cues,hinge,slot,hinge,pivot_rotate,0.35436,1,0.17000,1,1,0,0,0,0.80300,1.88753,0.66021,0.11546,0.00,0.02123,0.28029,0.35436,0.24944,0.03955,0.05513
5,7006,combined_fixture_stress_5_7006_hinge,combined_fixture_stress,latent_fixture_no_hysteresis_memory,hinge,slot,hinge,pivot_rotate,0.37884,1,0.17000,1,1,0,0,0,0.80300,1.88753,0.66573,0.11173,0.00,0.02318,0.20994,0.37884,0.26084,0.09016,0.03704
5,7006,combined_fixture_stress_5_7006_hinge,combined_fixture_stress,latent_fixture_no_particle_refinement,hinge,slot,clamp,release_clamp_pull,0.36415,0,0.68000,0,0,1,1,0,0.13200,2.82238,0.01644,0.00027,0.00,0.01297,0.36415,0.26753,0.24215,0.07738,0.03583
5,7006,combined_fixture_stress_5_7006_hinge,combined_fixture_stress,latent_fixture_no_safety_margin,hinge,slot,hinge,direct_translate,0.34123,1,0.11000,1,0,0,1,0,0.80900,2.58543,0.10105,0.80812,0.00,0.02057,0.26447,0.34123,0.23719,0.08323,0.05332
6,7000,combined_fixture_stress_6_7000_suction,combined_fixture_stress,latent_fixture_full,suction,unknown,suction,peel_then_translate,0.79123,1,0.11000,1,1,0,0,0,0.68900,1.91783,0.77103,0.05243,0.00,0.00594,0.08817,0.03468,0.03538,0.79123,0.04461
6,7000,combined_fixture_stress_6_7000_suction,combined_fixture_stress,latent_fixture_no_torque_features,suction,unknown,suction,peel_then_translate,0.71126,1,0.17000,0,0,1,0,0,0.06300,2.13693,0.72236,0.52181,0.00,0.01525,0.10337,0.02890,0.05185,0.71126,0.08937
6,7000,combined_fixture_stress_6_7000_suction,combined_fixture_stress,latent_fixture_no_compliance_anisotropy,suction,unknown,suction,peel_then_translate,0.79139,1,0.17000,1,1,0,0,0,0.68300,1.91993,0.73999,0.06760,0.00,0.00502,0.10138,0.03691,0.01901,0.79139,0.04629
6,7000,combined_fixture_stress_6_7000_suction,combined_fixture_stress,latent_fixture_no_release_cues,suction,unknown,clamp,release_clamp_pull,0.49002,0,0.74000,0,0,1,1,0,0.12600,2.81488,0.01714,0.00029,0.00,0.01539,0.49002,0.11058,0.13003,0.06104,0.19293
6,7000,combined_fixture_stress_6_7000_suction,combined_fixture_stress,latent_fixture_no_hysteresis_memory,suction,unknown,suction,peel_then_translate,0.77521,1,0.17000,1,1,0,0,0,0.68300,1.91993,0.73644,0.06947,0.00,0.01222,0.06115,0.06933,0.05653,0.77521,0.02555
6,7000,combined_fixture_stress_6_7000_suction,combined_fixture_stress,latent_fixture_no_particle_refinement,suction,unknown,suction,peel_then_translate,0.90184,1,0.11000,1,1,0,0,0,0.68900,1.91783,0.78180,0.04761,0.00,0.00105,0.05671,0.00677,0.01011,0.90184,0.02352
6,7000,combined_fixture_stress_6_7000_suction,combined_fixture_stress,latent_fixture_no_safety_margin,suction,unknown,suction,peel_then_translate,0.79123,1,0.11000,1,1,0,0,0,0.68900,1.91783,0.75691,0.05909,0.00,0.00594,0.08817,0.03468,0.03538,0.79123,0.04461
6,7001,combined_fixture_stress_6_7001_tether,combined_fixture_stress,latent_fixture_full,tether,unknown,tether,unwind_tether,0.37162,1,0.11000,1,1,0,0,0,0.68900,1.86382,0.65834,0.11673,0.00,0.01350,0.33611,0.07359,0.11554,0.08963,0.37162
6,7001,combined_fixture_stress_6_7001_tether,combined_fixture_stress,latent_fixture_no_torque_features,tether,unknown,clamp,release_clamp_pull,0.36346,0,0.74000,0,0,1,0,1,0.12600,2.06087,0.01644,0.00027,0.00,0.02554,0.36346,0.04139,0.11786,0.08938,0.36237
6,7001,combined_fixture_stress_6_7001_tether,combined_fixture_stress,latent_fixture_no_compliance_anisotropy,tether,unknown,tether,unwind_tether,0.39886,1,0.17000,1,1,0,0,0,0.68300,1.86592,0.63699,0.13178,0.00,0.01310,0.37343,0.08078,0.03692,0.09690,0.39886
6,7001,combined_fixture_stress_6_7001_tether,combined_fixture_stress,latent_fixture_no_release_cues,tether,unknown,tether,unwind_tether,0.38458,1,0.17000,0,0,1,0,0,0.06300,2.08292,0.63392,0.40186,0.00,0.01387,0.34954,0.07551,0.11931,0.05720,0.38458
6,7001,combined_fixture_stress_6_7001_tether,combined_fixture_stress,latent_fixture_no_hysteresis_memory,tether,unknown,clamp,release_clamp_pull,0.35146,0,0.74000,0,0,1,1,1,0.12600,2.76087,0.01637,0.00027,0.00,0.03480,0.35146,0.17008,0.26023,0.12490,0.05854
6,7001,combined_fixture_stress_6_7001_tether,combined_fixture_stress,latent_fixture_no_particle_refinement,tether,unknown,clamp,release_clamp_pull,0.44091,0,0.68000,0,0,1,1,0,0.13200,2.75877,0.01687,0.00028,0.00,0.00854,0.44091,0.04348,0.09208,0.05690,0.35808
6,7001,combined_fixture_stress_6_7001_tether,combined_fixture_stress,latent_fixture_no_safety_margin,tether,unknown,tether,direct_translate,0.37162,1,0.11000,1,0,0,1,1,0.80900,2.52182,0.16802,0.69218,0.00,0.01350,0.33611,0.07359,0.11554,0.08963,0.37162
6,7002,combined_fixture_stress_6_7002_free,combined_fixture_stress,latent_fixture_full,free,free,free,direct_translate,0.38120,1,0.11000,1,1,0,0,0,0.80900,1.93629,0.78449,0.04644,0.00,0.38120,0.14038,0.10844,0.14103,0.11927,0.10967
6,7002,combined_fixture_stress_6_7002_free,combined_fixture_stress,latent_fixture_no_torque_features,free,free,free,direct_translate,0.25432,1,0.17000,1,1,0,0,0,0.80300,1.93839,0.72467,0.07581,0.00,0.25432,0.17260,0.06331,0.17982,0.15663,0.17332
6,7002,combined_fixture_stress_6_7002_free,combined_fixture_stress,latent_fixture_no_compliance_anisotropy,free,free,free,direct_translate,0.28088,1,0.17000,1,1,0,0,0,0.80300,1.93839,0.73148,0.07210,0.00,0.28088,0.16529,0.15336,0.09699,0.15443,0.14904
6,7002,combined_fixture_stress_6_7002_free,combined_fixture_stress,latent_fixture_no_release_cues,free,free,free,direct_translate,0.40245,1,0.17000,1,1,0,0,0,0.80300,1.93839,0.76266,0.05633,0.00,0.40245,0.15879,0.12128,0.15665,0.03836,0.12247
6,7002,combined_fixture_stress_6_7002_free,combined_fixture_stress,latent_fixture_no_hysteresis_memory,free,free,free,direct_translate,0.42448,1,0.17000,1,1,0,0,0,0.80300,1.93839,0.76831,0.05368,0.00,0.42448,0.11119,0.12672,0.15831,0.13763,0.04168
6,7002,combined_fixture_stress_6_7002_free,combined_fixture_stress,latent_fixture_no_particle_refinement,free,free,free,direct_translate,0.21996,1,0.11000,1,1,0,0,0,0.80900,1.93629,0.72993,0.07294,0.00,0.21996,0.19696,0.13644,0.15962,0.15118,0.13584
6,7002,combined_fixture_stress_6_7002_free,combined_fixture_stress,latent_fixture_no_safety_margin,free,free,free,direct_translate,0.38120,1,0.11000,1,1,0,0,0,0.80900,1.93629,0.77209,0.05194,0.00,0.38120,0.14038,0.10844,0.14103,0.11927,0.10967
6,7003,combined_fixture_stress_6_7003_clamp,combined_fixture_stress,latent_fixture_full,clamp,unknown,suction,peel_then_translate,0.41568,0,0.68000,0,0,1,1,0,0.01200,2.84402,0.02334,0.00054,0.00,0.00231,0.30812,0.02626,0.01969,0.41568,0.22794
6,7003,combined_fixture_stress_6_7003_clamp,combined_fixture_stress,latent_fixture_no_torque_features,clamp,unknown,suction,peel_then_translate,0.41528,0,0.74000,0,0,1,0,1,0.00600,2.14612,0.01673,0.00028,0.00,0.01153,0.24085,0.03078,0.04183,0.41528,0.25973
6,7003,combined_fixture_stress_6_7003_clamp,combined_fixture_stress,latent_fixture_no_compliance_anisotropy,clamp,unknown,suction,peel_then_translate,0.41657,0,0.74000,0,0,1,1,1,0.00600,2.84612,0.01673,0.00028,0.00,0.00223,0.31632,0.02465,0.00976,0.41657,0.23046
6,7003,combined_fixture_stress_6_7003_clamp,combined_fixture_stress,latent_fixture_no_release_cues,clamp,unknown,clamp,release_clamp_pull,0.48656,1,0.17000,1,1,0,0,0,0.80300,1.86717,0.66435,0.11266,0.00,0.00375,0.48656,0.04452,0.03400,0.04307,0.38810
6,7003,combined_fixture_stress_6_7003_clamp,combined_fixture_stress,latent_fixture_no_hysteresis_memory,clamp,unknown,suction,peel_then_translate,0.63161,0,0.74000,0,0,1,1,1,0.00600,2.84612,0.01794,0.00032,0.00,0.00604,0.17170,0.08481,0.06053,0.63161,0.04532
6,7003,combined_fixture_stress_6_7003_clamp,combined_fixture_stress,latent_fixture_no_particle_refinement,clamp,unknown,suction,peel_then_translate,0.50639,0,0.68000,0,0,1,0,1,0.01200,2.14402,0.01724,0.00030,0.00,0.00146,0.22545,0.01778,0.01464,0.50639,0.23429
6,7003,combined_fixture_stress_6_7003_clamp,combined_fixture_stress,latent_fixture_no_safety_margin,clamp,unknown,suction,direct_translate,0.41568,0,0.68000,0,0,1,1,1,0.13200,2.80202,0.01673,0.00028,0.00,0.00231,0.30812,0.02626,0.01969,0.41568,0.22794
6,7004,combined_fixture_stress_6_7004_hinge,combined_fixture_stress,latent_fixture_full,hinge,clamp,clamp,release_clamp_pull,0.43923,0,0.68000,0,0,1,0,1,0.13200,2.07170,0.02352,0.00055,0.00,0.03559,0.43923,0.23989,0.13965,0.07287,0.07277
6,7004,combined_fixture_stress_6_7004_hinge,combined_fixture_stress,latent_fixture_no_torque_features,hinge,clamp,clamp,release_clamp_pull,0.52142,0,0.74000,0,0,1,1,1,0.12600,2.77380,0.01732,0.00030,0.00,0.04360,0.52142,0.05623,0.15770,0.10297,0.11808
6,7004,combined_fixture_stress_6_7004_hinge,combined_fixture_stress,latent_fixture_no_compliance_anisotropy,hinge,clamp,clamp,release_clamp_pull,0.49431,0,0.74000,0,0,1,0,0,0.12600,2.07380,0.01717,0.00029,0.00,0.02720,0.49431,0.27169,0.04292,0.08118,0.08270
6,7004,combined_fixture_stress_6_7004_hinge,combined_fixture_stress,latent_fixture_no_release_cues,hinge,clamp,clamp,release_clamp_pull,0.46537,0,0.74000,0,0,1,1,0,0.12600,2.77380,0.01701,0.00029,0.00,0.03633,0.46537,0.24582,0.14492,0.03281,0.07475
6,7004,combined_fixture_stress_6_7004_hinge,combined_fixture_stress,latent_fixture_no_hysteresis_memory,hinge,clamp,clamp,release_clamp_pull,0.38323,0,0.74000,0,0,1,1,1,0.12600,2.77380,0.01655,0.00027,0.00,0.04013,0.38323,0.27132,0.16579,0.08899,0.05054
6,7004,combined_fixture_stress_6_7004_hinge,combined_fixture_stress,latent_fixture_no_particle_refinement,hinge,clamp,clamp,release_clamp_pull,0.61521,0,0.68000,0,0,1,1,0,0.13200,2.77170,0.01785,0.00032,0.00,0.01617,0.61521,0.13165,0.11773,0.07509,0.04415
6,7004,combined_fixture_stress_6_7004_hinge,combined_fixture_stress,latent_fixture_no_safety_margin,hinge,clamp,clamp,direct_translate,0.43923,0,0.68000,0,0,1,1,0,0.13200,2.77170,0.01686,0.00028,0.00,0.03559,0.43923,0.23989,0.13965,0.07287,0.07277
6,7005,combined_fixture_stress_6_7005_slot,combined_fixture_stress,latent_fixture_full,slot,hinge,clamp,release_clamp_pull,0.43705,0,0.68000,0,0,1,1,0,0.13200,2.59683,0.02350,0.00055,0.00,0.03413,0.43705,0.10070,0.29258,0.08717,0.04837
6,7005,combined_fixture_stress_6_7005_slot,combined_fixture_stress,latent_fixture_no_torque_features,slot,hinge,clamp,release_clamp_pull,0.49590,0,0.74000,0,0,1,1,0,0.12600,2.59893,0.01718,0.00030,0.00,0.04442,0.49590,0.06053,0.18845,0.10919,0.10151
6,7005,combined_fixture_stress_6_7005_slot,combined_fixture_stress,latent_fixture_no_compliance_anisotropy,slot,hinge,clamp,release_clamp_pull,0.50170,0,0.74000,0,0,1,1,0,0.12600,2.59893,0.01721,0.00030,0.00,0.03109,0.50170,0.13161,0.15235,0.11606,0.06720
6,7005,combined_fixture_stress_6_7005_slot,combined_fixture_stress,latent_fixture_no_release_cues,slot,hinge,clamp,release_clamp_pull,0.46550,0,0.74000,0,0,1,0,1,0.12600,1.89893,0.01701,0.00029,0.00,0.03496,0.46550,0.10605,0.30001,0.04301,0.05046
6,7005,combined_fixture_stress_6_7005_slot,combined_fixture_stress,latent_fixture_no_hysteresis_memory,slot,hinge,clamp,release_clamp_pull,0.38297,0,0.74000,0,0,1,1,1,0.12600,2.59893,0.01654,0.00027,0.00,0.04870,0.38297,0.13192,0.30050,0.10255,0.03337
6,7005,combined_fixture_stress_6_7005_slot,combined_fixture_stress,latent_fixture_no_particle_refinement,slot,hinge,clamp,release_clamp_pull,0.61732,0,0.68000,0,0,1,0,1,0.13200,1.89683,0.01786,0.00032,0.00,0.01526,0.61732,0.11301,0.13110,0.08015,0.04316
6,7005,combined_fixture_stress_6_7005_slot,combined_fixture_stress,latent_fixture_no_safety_margin,slot,hinge,clamp,direct_translate,0.43705,0,0.68000,0,0,1,1,0,0.13200,2.59683,0.14565,0.02121,0.00,0.03413,0.43705,0.10070,0.29258,0.08717,0.04837
6,7006,combined_fixture_stress_6_7006_suction,combined_fixture_stress,latent_fixture_full,suction,suction,suction,peel_then_translate,0.85757,1,0.11000,1,1,0,0,0,0.68900,2.01647,0.78624,0.04569,0.00,0.00160,0.07878,0.01059,0.01856,0.85757,0.03290
6,7006,combined_fixture_stress_6_7006_suction,combined_fixture_stress,latent_fixture_no_torque_features,suction,suction,suction,peel_then_translate,0.73926,1,0.17000,1,1,0,0,0,0.68300,2.01857,0.72852,0.07370,0.00,0.01212,0.09227,0.02852,0.04366,0.73926,0.08418
6,7006,combined_fixture_stress_6_7006_suction,combined_fixture_stress,latent_fixture_no_compliance_anisotropy,suction,suction,suction,peel_then_translate,0.86513,1,0.17000,0,0,1,0,0,0.06300,2.23557,0.75622,0.57187,0.00,0.00169,0.07675,0.01022,0.01461,0.86513,0.03161
6,7006,combined_fixture_stress_6_7006_suction,combined_fixture_stress,latent_fixture_no_release_cues,suction,suction,clamp,release_clamp_pull,0.53572,0,0.74000,0,0,1,1,0,0.12600,2.91352,0.01740,0.00030,0.00,0.00751,0.53572,0.05876,0.08970,0.09202,0.21628
6,7006,combined_fixture_stress_6_7006_suction,combined_fixture_stress,latent_fixture_no_hysteresis_memory,suction,suction,suction,peel_then_translate,0.83059,1,0.17000,1,1,0,0,0,0.68300,2.01857,0.74862,0.06319,0.00,0.00438,0.06520,0.02756,0.04563,0.83059,0.02663
6,7006,combined_fixture_stress_6_7006_suction,combined_fixture_stress,latent_fixture_no_particle_refinement,suction,suction,suction,peel_then_translate,0.94172,1,0.11000,1,1,0,0,0,0.68900,2.01647,0.79078,0.04377,0.00,0.00048,0.03732,0.00379,0.00266,0.94172,0.01403
6,7006,combined_fixture_stress_6_7006_suction,combined_fixture_stress,latent_fixture_no_safety_margin,suction,suction,suction,peel_then_translate,0.85757,1,0.11000,1,1,0,0,0,0.68900,2.01647,0.77184,0.05206,0.00,0.00160,0.07878,0.01059,0.01856,0.85757,0.03290
